case,model,ref,hd95,nsd
PARSE_0001.nii.gz,M0_Star,GT_star,0.64453125,0.9756381318620074
PARSE_0001.nii.gz,M0_Star,p0.3,1.2890625,0.9142864578105424
PARSE_0001.nii.gz,M1_Omission,GT_star,0.64453125,0.9734649267580632
PARSE_0001.nii.gz,M1_Omission,p0.3,0.911504835123284,0.9250704158957256
PARSE_0001.nii.gz,M2_Drift_mu0,GT_star,0.64453125,0.9780632628376644
PARSE_0001.nii.gz,M2_Drift_mu0,p0.3,0.911504835123284,0.9283479435168864
PARSE_0002.nii.gz,M0_Star,GT_star,0.60546875,0.985861235969923
PARSE_0002.nii.gz,M0_Star,p0.3,0.60546875,0.9370667484890448
PARSE_0002.nii.gz,M1_Omission,GT_star,0.60546875,0.9766870281564979
PARSE_0002.nii.gz,M1_Omission,p0.3,0.60546875,0.9405935069617319
PARSE_0002.nii.gz,M2_Drift_mu0,GT_star,0.60546875,0.9747710413319466
PARSE_0002.nii.gz,M2_Drift_mu0,p0.3,0.8562621178430849,0.9397047774974269
PARSE_0003.nii.gz,M0_Star,GT_star,0.65625,0.9728558282784653
PARSE_0003.nii.gz,M0_Star,p0.3,1.19610370056279,0.9131559542086239
PARSE_0003.nii.gz,M1_Omission,GT_star,0.65625,0.9702869254621815
PARSE_0003.nii.gz,M1_Omission,p0.3,1.0,0.9215062485741083
PARSE_0003.nii.gz,M2_Drift_mu0,GT_star,0.65625,0.9673735152469153
PARSE_0003.nii.gz,M2_Drift_mu0,p0.3,1.0,0.9183964226726569
PARSE_0004.nii.gz,M0_Star,GT_star,0.70703125,0.9654244675773019
PARSE_0004.nii.gz,M0_Star,p0.3,1.4140625,0.9286027044430135
PARSE_0004.nii.gz,M1_Omission,GT_star,0.9998931827716023,0.9541669190236812
PARSE_0004.nii.gz,M1_Omission,p0.3,1.2247012649934523,0.9311409962349072
PARSE_0004.nii.gz,M2_Drift_mu0,GT_star,0.9998931827716023,0.9568540758202734
PARSE_0004.nii.gz,M2_Drift_mu0,p0.3,1.2247012649934523,0.9333141722974805
PARSE_0005.nii.gz,M0_Star,GT_star,4.038178396953879,0.9526378575173057
PARSE_0005.nii.gz,M0_Star,p0.3,9.273138849708687,0.8881088978370096
PARSE_0005.nii.gz,M1_Omission,GT_star,4.518518279955174,0.9480486048997578
PARSE_0005.nii.gz,M1_Omission,p0.3,8.647436178765375,0.8964235378692572
PARSE_0005.nii.gz,M2_Drift_mu0,GT_star,2.882166679015112,0.9490756309861247
PARSE_0005.nii.gz,M2_Drift_mu0,p0.3,6.981932074166953,0.8966242128687089
PARSE_0006.nii.gz,M0_Star,GT_star,0.9280776503073436,0.9487532050866292
PARSE_0006.nii.gz,M0_Star,p0.3,2.809025631780529,0.886468180665725
PARSE_0006.nii.gz,M1_Omission,GT_star,0.9280776503073436,0.9599956576019106
PARSE_0006.nii.gz,M1_Omission,p0.3,1.6500473478055107,0.9042221431114276
PARSE_0006.nii.gz,M2_Drift_mu0,GT_star,0.9280776503073436,0.959548238793248
PARSE_0006.nii.gz,M2_Drift_mu0,p0.3,1.7757590806469215,0.903153817603898
PARSE_0007.nii.gz,M0_Star,GT_star,0.6796875,0.9588213943973339
PARSE_0007.nii.gz,M0_Star,p0.3,0.961223280675463,0.923751901779712
PARSE_0007.nii.gz,M1_Omission,GT_star,0.6796875,0.9501805117114603
PARSE_0007.nii.gz,M1_Omission,p0.3,0.961223280675463,0.9287263610584237
PARSE_0007.nii.gz,M2_Drift_mu0,GT_star,0.6796875,0.9488647246260731
PARSE_0007.nii.gz,M2_Drift_mu0,p0.3,0.961223280675463,0.9268835648538702
PARSE_0008.nii.gz,M0_Star,GT_star,0.62109375,0.9696920884269651
PARSE_0008.nii.gz,M0_Star,p0.3,0.8783592047551645,0.9366225049095759
PARSE_0008.nii.gz,M1_Omission,GT_star,0.62109375,0.9644936013837949
PARSE_0008.nii.gz,M1_Omission,p0.3,0.62109375,0.9383582499126009
PARSE_0008.nii.gz,M2_Drift_mu0,GT_star,0.62109375,0.9644197075772035
PARSE_0008.nii.gz,M2_Drift_mu0,p0.3,0.62109375,0.9390991252419808
PARSE_0009.nii.gz,M0_Star,GT_star,1.2839921589549574,0.9286115481756739
PARSE_0009.nii.gz,M0_Star,p0.3,2.299228837473624,0.8859803724425623
PARSE_0009.nii.gz,M1_Omission,GT_star,1.2881981003336114,0.9232985589735929
PARSE_0009.nii.gz,M1_Omission,p0.3,2.0,0.8920505380749709
PARSE_0009.nii.gz,M2_Drift_mu0,GT_star,1.5227963394381567,0.921683609574963
PARSE_0009.nii.gz,M2_Drift_mu0,p0.3,2.072986186281912,0.8906501914817088
PARSE_0010.nii.gz,M0_Star,GT_star,0.58984375,0.9601980855381814
PARSE_0010.nii.gz,M0_Star,p0.3,1.3189307211033916,0.9113552927703464
PARSE_0010.nii.gz,M1_Omission,GT_star,0.8341650309310052,0.9547382088789937
PARSE_0010.nii.gz,M1_Omission,p0.3,1.1796875,0.9173068768313322
PARSE_0010.nii.gz,M2_Drift_mu0,GT_star,0.8341650309310052,0.9548300472961422
PARSE_0010.nii.gz,M2_Drift_mu0,p0.3,1.3022408758859187,0.9157644034477544
PARSE_0011.nii.gz,M0_Star,GT_star,0.650390625,0.9779565373994478
PARSE_0011.nii.gz,M0_Star,p0.3,1.192898975222919,0.9133497647322429
PARSE_0011.nii.gz,M1_Omission,GT_star,0.650390625,0.9731011023257544
PARSE_0011.nii.gz,M1_Omission,p0.3,0.9197912427153138,0.9242506609423714
PARSE_0011.nii.gz,M2_Drift_mu0,GT_star,0.650390625,0.9694597823090609
PARSE_0011.nii.gz,M2_Drift_mu0,p0.3,0.9197912427153138,0.9223890701544885
PARSE_0012.nii.gz,M0_Star,GT_star,1.4936235318455626,0.9131743476470368
PARSE_0012.nii.gz,M0_Star,p0.3,4.017326973949842,0.8611995351422363
PARSE_0012.nii.gz,M1_Omission,GT_star,1.4936235318455626,0.9298359265497462
PARSE_0012.nii.gz,M1_Omission,p0.3,3.949777022236904,0.8845824008886131
PARSE_0012.nii.gz,M2_Drift_mu0,GT_star,1.4936235318455626,0.9323559577677225
PARSE_0012.nii.gz,M2_Drift_mu0,p0.3,3.894893648509947,0.8887260362314592
PARSE_0013.nii.gz,M0_Star,GT_star,1.2047472828875772,0.9465100658957649
PARSE_0013.nii.gz,M0_Star,p0.3,2.1246553029256297,0.9142866963542343
PARSE_0013.nii.gz,M1_Omission,GT_star,1.2047472828875772,0.9515506031721678
PARSE_0013.nii.gz,M1_Omission,p0.3,1.3794317783964527,0.9276470207358726
PARSE_0013.nii.gz,M2_Drift_mu0,GT_star,1.2047472828875772,0.9500259361011316
PARSE_0013.nii.gz,M2_Drift_mu0,p0.3,1.6750116604071745,0.9255730606751048
PARSE_0014.nii.gz,M0_Star,GT_star,1.0,0.9385867891547713
PARSE_0014.nii.gz,M0_Star,p0.3,6.2791945097604875,0.849892672366345
PARSE_0014.nii.gz,M1_Omission,GT_star,0.8728349330271447,0.9503016984677319
PARSE_0014.nii.gz,M1_Omission,p0.3,3.3022116907886523,0.8727104342457296
PARSE_0014.nii.gz,M2_Drift_mu0,GT_star,0.8728349330271447,0.949026243505615
PARSE_0014.nii.gz,M2_Drift_mu0,p0.3,3.8357704266059773,0.8708986883586969
PARSE_0015.nii.gz,M0_Star,GT_star,1.0,0.9623492449579406
PARSE_0015.nii.gz,M0_Star,p0.3,4.25310806618598,0.9085908511131725
PARSE_0015.nii.gz,M1_Omission,GT_star,1.0,0.967325688539466
PARSE_0015.nii.gz,M1_Omission,p0.3,3.1693002557864607,0.9226772074865948
PARSE_0015.nii.gz,M2_Drift_mu0,GT_star,1.0,0.967510647091592
PARSE_0015.nii.gz,M2_Drift_mu0,p0.3,3.0,0.9274563037609943
PARSE_0016.nii.gz,M0_Star,GT_star,0.6875,0.9623532774163329
PARSE_0016.nii.gz,M0_Star,p0.3,2.174065891365761,0.8947119294637056
PARSE_0016.nii.gz,M1_Omission,GT_star,0.6875,0.9495179296346414
PARSE_0016.nii.gz,M1_Omission,p0.3,1.8339250938901512,0.8961327494814474
PARSE_0016.nii.gz,M2_Drift_mu0,GT_star,0.6875,0.9505157087602633
PARSE_0016.nii.gz,M2_Drift_mu0,p0.3,1.7001838135919305,0.8996032590099047
PARSE_0017.nii.gz,M0_Star,GT_star,0.800000011920929,0.9326844245152007
PARSE_0017.nii.gz,M0_Star,p0.3,1.2867346479479507,0.9040351243989129
PARSE_0017.nii.gz,M1_Omission,GT_star,1.0078125,0.9163320917423412
PARSE_0017.nii.gz,M1_Omission,p0.3,1.1267686292870034,0.9051966901659739
PARSE_0017.nii.gz,M2_Drift_mu0,GT_star,1.0713743681139714,0.9156917820446477
PARSE_0017.nii.gz,M2_Drift_mu0,p0.3,1.2867346479479507,0.9054431177818941
PARSE_0018.nii.gz,M0_Star,GT_star,1.0,0.9456745990713522
PARSE_0018.nii.gz,M0_Star,p0.3,5.928422594418166,0.8684259135735323
PARSE_0018.nii.gz,M1_Omission,GT_star,0.87109375,0.9581776985403297
PARSE_0018.nii.gz,M1_Omission,p0.3,3.2961274515342716,0.8842069128279946
PARSE_0018.nii.gz,M2_Drift_mu0,GT_star,0.87109375,0.957806385753984
PARSE_0018.nii.gz,M2_Drift_mu0,p0.3,3.404121503837756,0.8846021338673384
PARSE_0019.nii.gz,M0_Star,GT_star,0.537109375,0.9782092184909589
PARSE_0019.nii.gz,M0_Star,p0.3,1.2557758404372101,0.9149421159866044
PARSE_0019.nii.gz,M1_Omission,GT_star,0.537109375,0.9718232852555464
PARSE_0019.nii.gz,M1_Omission,p0.3,1.1351151838967226,0.9239985733710796
PARSE_0019.nii.gz,M2_Drift_mu0,GT_star,0.537109375,0.971395591377163
PARSE_0019.nii.gz,M2_Drift_mu0,p0.3,1.201013073852426,0.9195811776975752
PARSE_0020.nii.gz,M0_Star,GT_star,0.625,0.9831620469349737
PARSE_0020.nii.gz,M0_Star,p0.3,1.25,0.9217097591378826
PARSE_0020.nii.gz,M1_Omission,GT_star,0.625,0.9740740494814146
PARSE_0020.nii.gz,M1_Omission,p0.3,1.1792476415070754,0.9293242760100108
PARSE_0020.nii.gz,M2_Drift_mu0,GT_star,0.625,0.9741443077129984
PARSE_0020.nii.gz,M2_Drift_mu0,p0.3,1.0,0.9307977790341988
PARSE_0021.nii.gz,M0_Star,GT_star,0.8894077482112043,0.9737739496291986
PARSE_0021.nii.gz,M0_Star,p0.3,1.0,0.9403791367293186
PARSE_0021.nii.gz,M1_Omission,GT_star,0.8894077482112043,0.9641303316973706
PARSE_0021.nii.gz,M1_Omission,p0.3,1.0,0.945917099992694
PARSE_0021.nii.gz,M2_Drift_mu0,GT_star,0.8894077482112043,0.9632164996915121
PARSE_0021.nii.gz,M2_Drift_mu0,p0.3,1.0,0.9429770869851181
PARSE_0022.nii.gz,M0_Star,GT_star,0.560546875,0.9755500319579575
PARSE_0022.nii.gz,M0_Star,p0.3,0.560546875,0.9614317267939061
PARSE_0022.nii.gz,M1_Omission,GT_star,0.792732992970856,0.9611253984084378
PARSE_0022.nii.gz,M1_Omission,p0.3,0.792732992970856,0.9538811009288504
PARSE_0022.nii.gz,M2_Drift_mu0,GT_star,0.792732992970856,0.9599844553744653
PARSE_0022.nii.gz,M2_Drift_mu0,p0.3,0.792732992970856,0.9527097007661783
PARSE_0023.nii.gz,M0_Star,GT_star,0.8673106612991247,0.9791115095792818
PARSE_0023.nii.gz,M0_Star,p0.3,0.8673106612991247,0.96505898780802
PARSE_0023.nii.gz,M1_Omission,GT_star,0.8673106612991247,0.968932661988858
PARSE_0023.nii.gz,M1_Omission,p0.3,0.8673106612991247,0.9623734531326849
PARSE_0023.nii.gz,M2_Drift_mu0,GT_star,0.8673106612991247,0.9704750357520363
PARSE_0023.nii.gz,M2_Drift_mu0,p0.3,0.8673106612991247,0.9635813385232972
PARSE_0024.nii.gz,M0_Star,GT_star,1.11328125,0.9565955401525404
PARSE_0024.nii.gz,M0_Star,p0.3,2.997601503971355,0.9029794365307215
PARSE_0024.nii.gz,M1_Omission,GT_star,1.1444862539150003,0.9475877325500437
PARSE_0024.nii.gz,M1_Omission,p0.3,2.564620466503188,0.9050061979862986
PARSE_0024.nii.gz,M2_Drift_mu0,GT_star,1.1444862539150003,0.942475514397801
PARSE_0024.nii.gz,M2_Drift_mu0,p0.3,2.682717970269669,0.9015026208503203
PARSE_0025.nii.gz,M0_Star,GT_star,0.65234375,0.9712315046988542
PARSE_0025.nii.gz,M0_Star,p0.3,0.9225533785793237,0.9318621698645169
PARSE_0025.nii.gz,M1_Omission,GT_star,0.9225533785793237,0.9605169266823402
PARSE_0025.nii.gz,M1_Omission,p0.3,0.9225533785793237,0.9352485678221186
PARSE_0025.nii.gz,M2_Drift_mu0,GT_star,0.9225533785793237,0.958635035749605
PARSE_0025.nii.gz,M2_Drift_mu0,p0.3,0.9225533785793237,0.9341989715270659
PARSE_0026.nii.gz,M0_Star,GT_star,0.73046875,0.9527929321716473
PARSE_0026.nii.gz,M0_Star,p0.3,3.540812550195929,0.8787757835402226
PARSE_0026.nii.gz,M1_Omission,GT_star,1.0,0.9440092195186022
PARSE_0026.nii.gz,M1_Omission,p0.3,3.055461658614885,0.8830807285394008
PARSE_0026.nii.gz,M2_Drift_mu0,GT_star,0.73046875,0.9465865597091467
PARSE_0026.nii.gz,M2_Drift_mu0,p0.3,2.96686052124785,0.880878798774743
PARSE_0027.nii.gz,M0_Star,GT_star,1.0,0.9566217969071125
PARSE_0027.nii.gz,M0_Star,p0.3,1.57649978195368,0.9227308982412229
PARSE_0027.nii.gz,M1_Omission,GT_star,1.3626039237889342,0.9342891525730774
PARSE_0027.nii.gz,M1_Omission,p0.3,2.083756467446472,0.9152375035108474
PARSE_0027.nii.gz,M2_Drift_mu0,GT_star,1.3201044584615265,0.9349626811818313
PARSE_0027.nii.gz,M2_Drift_mu0,p0.3,1.7235727791422095,0.9179738026784756
PARSE_0028.nii.gz,M0_Star,GT_star,0.68359375,0.9667353012081523
PARSE_0028.nii.gz,M0_Star,p0.3,1.3671875,0.8990527717593231
PARSE_0028.nii.gz,M1_Omission,GT_star,0.68359375,0.9722575400712842
PARSE_0028.nii.gz,M1_Omission,p0.3,1.0,0.9158903686035469
PARSE_0028.nii.gz,M2_Drift_mu0,GT_star,0.68359375,0.97025452059591
PARSE_0028.nii.gz,M2_Drift_mu0,p0.3,1.0,0.9127343073688674
PARSE_0029.nii.gz,M0_Star,GT_star,0.68359375,0.986965855800931
PARSE_0029.nii.gz,M0_Star,p0.3,0.68359375,0.9511167000774803
PARSE_0029.nii.gz,M1_Omission,GT_star,0.68359375,0.9817898823109623
PARSE_0029.nii.gz,M1_Omission,p0.3,0.68359375,0.9569724598763505
PARSE_0029.nii.gz,M2_Drift_mu0,GT_star,0.68359375,0.9833414506556992
PARSE_0029.nii.gz,M2_Drift_mu0,p0.3,0.68359375,0.9551695934568198
PARSE_0030.nii.gz,M0_Star,GT_star,0.806640625,0.9839456132578162
PARSE_0030.nii.gz,M0_Star,p0.3,2.56956735494549,0.8874897565445196
PARSE_0030.nii.gz,M1_Omission,GT_star,0.806640625,0.9801120636413964
PARSE_0030.nii.gz,M1_Omission,p0.3,1.14076211183611,0.9042832425460207
PARSE_0030.nii.gz,M2_Drift_mu0,GT_star,0.806640625,0.9790662443189644
PARSE_0030.nii.gz,M2_Drift_mu0,p0.3,1.14076211183611,0.9057422993492408
PARSE_0031.nii.gz,M0_Star,GT_star,0.734375,0.9707356211173005
PARSE_0031.nii.gz,M0_Star,p0.3,1.2406879706940823,0.9225816613833704
PARSE_0031.nii.gz,M1_Omission,GT_star,0.734375,0.9717534743898808
PARSE_0031.nii.gz,M1_Omission,p0.3,1.0385630848677416,0.9334381903879884
PARSE_0031.nii.gz,M2_Drift_mu0,GT_star,0.734375,0.971127789679781
PARSE_0031.nii.gz,M2_Drift_mu0,p0.3,1.0385630848677416,0.9300422413354369
PARSE_0032.nii.gz,M0_Star,GT_star,1.1918351198834867,0.963678326440169
PARSE_0032.nii.gz,M0_Star,p0.3,1.1918351198834867,0.9492117747591124
PARSE_0032.nii.gz,M1_Omission,GT_star,1.1918351198834867,0.952637472296678
PARSE_0032.nii.gz,M1_Omission,p0.3,1.296875,0.9451542201812333
PARSE_0032.nii.gz,M2_Drift_mu0,GT_star,1.1918351198834867,0.9558428146130945
PARSE_0032.nii.gz,M2_Drift_mu0,p0.3,1.1918351198834867,0.9476429085848906
PARSE_0033.nii.gz,M0_Star,GT_star,0.80078125,0.9865672341484347
PARSE_0033.nii.gz,M0_Star,p0.3,0.80078125,0.9652322007144637
PARSE_0033.nii.gz,M1_Omission,GT_star,0.80078125,0.982167239335604
PARSE_0033.nii.gz,M1_Omission,p0.3,0.80078125,0.9669296916507606
PARSE_0033.nii.gz,M2_Drift_mu0,GT_star,0.80078125,0.9786236910621638
PARSE_0033.nii.gz,M2_Drift_mu0,p0.3,1.0,0.9642660473579621
PARSE_0034.nii.gz,M0_Star,GT_star,0.671875,0.9806417211480503
PARSE_0034.nii.gz,M0_Star,p0.3,0.671875,0.9392409586636724
PARSE_0034.nii.gz,M1_Omission,GT_star,0.671875,0.9782237787356322
PARSE_0034.nii.gz,M1_Omission,p0.3,0.671875,0.9435094877251069
PARSE_0034.nii.gz,M2_Drift_mu0,GT_star,0.671875,0.9808312082345149
PARSE_0034.nii.gz,M2_Drift_mu0,p0.3,0.671875,0.9454376773630212
PARSE_0035.nii.gz,M0_Star,GT_star,0.6015625,0.9733501686109863
PARSE_0035.nii.gz,M0_Star,p0.3,1.0,0.9237826123789717
PARSE_0035.nii.gz,M1_Omission,GT_star,0.6015625,0.9745067972843373
PARSE_0035.nii.gz,M1_Omission,p0.3,0.850737846115065,0.9355509355509356
PARSE_0035.nii.gz,M2_Drift_mu0,GT_star,0.6015625,0.9715785219621762
PARSE_0035.nii.gz,M2_Drift_mu0,p0.3,0.850737846115065,0.9373218374690406
PARSE_0036.nii.gz,M0_Star,GT_star,0.71875,0.9898480468702222
PARSE_0036.nii.gz,M0_Star,p0.3,0.71875,0.9485285807433167
PARSE_0036.nii.gz,M1_Omission,GT_star,0.71875,0.981076952864488
PARSE_0036.nii.gz,M1_Omission,p0.3,0.71875,0.9500349920807396
PARSE_0036.nii.gz,M2_Drift_mu0,GT_star,0.71875,0.9830930205620788
PARSE_0036.nii.gz,M2_Drift_mu0,p0.3,0.71875,0.9518671170757679
PARSE_0037.nii.gz,M0_Star,GT_star,1.51953125,0.9243923987042458
PARSE_0037.nii.gz,M0_Star,p0.3,2.511767349840857,0.8941367081315595
PARSE_0037.nii.gz,M1_Omission,GT_star,1.2558836749204285,0.93324135380589
PARSE_0037.nii.gz,M1_Omission,p0.3,1.971349544007405,0.907521122175695
PARSE_0037.nii.gz,M2_Drift_mu0,GT_star,1.074470851099871,0.9401847708826575
PARSE_0037.nii.gz,M2_Drift_mu0,p0.3,1.4678172944420846,0.9159807645923782
PARSE_0038.nii.gz,M0_Star,GT_star,0.65625,0.9853327557658909
PARSE_0038.nii.gz,M0_Star,p0.3,0.65625,0.9243888377376025
PARSE_0038.nii.gz,M1_Omission,GT_star,0.65625,0.9841903416898872
PARSE_0038.nii.gz,M1_Omission,p0.3,0.65625,0.9337310850149156
PARSE_0038.nii.gz,M2_Drift_mu0,GT_star,0.65625,0.9859785603871228
PARSE_0038.nii.gz,M2_Drift_mu0,p0.3,0.65625,0.9336978749491
PARSE_0039.nii.gz,M0_Star,GT_star,0.8286407592029854,0.9496842541033393
PARSE_0039.nii.gz,M0_Star,p0.3,1.9356089561814906,0.8977858197565924
PARSE_0039.nii.gz,M1_Omission,GT_star,0.5859375,0.9591937713745179
PARSE_0039.nii.gz,M1_Omission,p0.3,1.1590180127617733,0.9167644191219037
PARSE_0039.nii.gz,M2_Drift_mu0,GT_star,0.5859375,0.9602751763974836
PARSE_0039.nii.gz,M2_Drift_mu0,p0.3,1.1590180127617733,0.9180950327134655
PARSE_0040.nii.gz,M0_Star,GT_star,1.0,0.9535998928875954
PARSE_0040.nii.gz,M0_Star,p0.3,6.329717440453133,0.8539390386408615
PARSE_0040.nii.gz,M1_Omission,GT_star,1.1939649777795254,0.9408950785324587
PARSE_0040.nii.gz,M1_Omission,p0.3,3.9140625,0.8635103730933367
PARSE_0040.nii.gz,M2_Drift_mu0,GT_star,1.1939649777795254,0.9397778920385668
PARSE_0040.nii.gz,M2_Drift_mu0,p0.3,4.092118964799327,0.8616350076437748
PARSE_0041.nii.gz,M0_Star,GT_star,0.7265625,0.9757241742532541
PARSE_0041.nii.gz,M0_Star,p0.3,1.027514541411702,0.9368167351356571
PARSE_0041.nii.gz,M1_Omission,GT_star,0.7265625,0.964256869852244
PARSE_0041.nii.gz,M1_Omission,p0.3,1.027514541411702,0.9339531069569729
PARSE_0041.nii.gz,M2_Drift_mu0,GT_star,0.7265625,0.9673017348203222
PARSE_0041.nii.gz,M2_Drift_mu0,p0.3,1.027514541411702,0.9351652410656108
PARSE_0042.nii.gz,M0_Star,GT_star,0.8617863895711048,0.9514917865509263
PARSE_0042.nii.gz,M0_Star,p0.3,2.083756467446472,0.897596090712657
PARSE_0042.nii.gz,M1_Omission,GT_star,1.0,0.9435770336474998
PARSE_0042.nii.gz,M1_Omission,p0.3,1.3201044584615265,0.9113505944608618
PARSE_0042.nii.gz,M2_Drift_mu0,GT_star,1.0,0.9420267604228239
PARSE_0042.nii.gz,M2_Drift_mu0,p0.3,1.3201044584615265,0.910423152854922
PARSE_0043.nii.gz,M0_Star,GT_star,1.0,0.9487805362068623
PARSE_0043.nii.gz,M0_Star,p0.3,3.9110127215099286,0.8855283779364358
PARSE_0043.nii.gz,M1_Omission,GT_star,1.0,0.9533482409572743
PARSE_0043.nii.gz,M1_Omission,p0.3,2.713626638144975,0.9047901057734685
PARSE_0043.nii.gz,M2_Drift_mu0,GT_star,1.191835219905105,0.9516636881967492
PARSE_0043.nii.gz,M2_Drift_mu0,p0.3,3.2752922102462856,0.9015385882697518
PARSE_0044.nii.gz,M0_Star,GT_star,0.8894077482112043,0.9630308455166731
PARSE_0044.nii.gz,M0_Star,p0.3,1.1813225940821848,0.9372954066456406
PARSE_0044.nii.gz,M1_Omission,GT_star,1.1813225940821848,0.9487172893161938
PARSE_0044.nii.gz,M1_Omission,p0.3,1.725576818471236,0.9311067143172429
PARSE_0044.nii.gz,M2_Drift_mu0,GT_star,1.1813225940821848,0.9447659561675135
PARSE_0044.nii.gz,M2_Drift_mu0,p0.3,1.4062771264744771,0.9316548759596472
PARSE_0045.nii.gz,M0_Star,GT_star,1.3626039237889342,0.9620804120761196
PARSE_0045.nii.gz,M0_Star,p0.3,5.025034981221523,0.902220991212825
PARSE_0045.nii.gz,M1_Omission,GT_star,1.57649978195368,0.959077398644632
PARSE_0045.nii.gz,M1_Omission,p0.3,4.394265616971737,0.9092087457255409
PARSE_0045.nii.gz,M2_Drift_mu0,GT_star,1.3626039237889342,0.9598755283468945
PARSE_0045.nii.gz,M2_Drift_mu0,p0.3,3.985324641732465,0.9121037142374319
PARSE_0046.nii.gz,M0_Star,GT_star,2.771484375,0.9308820675727151
PARSE_0046.nii.gz,M0_Star,p0.3,7.521832287948035,0.8708782101197314
PARSE_0046.nii.gz,M1_Omission,GT_star,1.84765625,0.9335577884160134
PARSE_0046.nii.gz,M1_Omission,p0.3,4.777830808675431,0.8848347097410844
PARSE_0046.nii.gz,M2_Drift_mu0,GT_star,1.6452710442604985,0.9333463247914496
PARSE_0046.nii.gz,M2_Drift_mu0,p0.3,4.302184663307384,0.8852882110509803
PARSE_0047.nii.gz,M0_Star,GT_star,2.783203125,0.9411975201249829
PARSE_0047.nii.gz,M0_Star,p0.3,6.146016401592383,0.9034275169409487
PARSE_0047.nii.gz,M1_Omission,GT_star,1.9464426702586222,0.9462188020860511
PARSE_0047.nii.gz,M1_Omission,p0.3,4.061088434154017,0.9164854006192901
PARSE_0047.nii.gz,M2_Drift_mu0,GT_star,2.242327855199832,0.9446005169120126
PARSE_0047.nii.gz,M2_Drift_mu0,p0.3,4.347502261002727,0.9162622030814103
PARSE_0048.nii.gz,M0_Star,GT_star,16.933200334969985,0.9184192390003264
PARSE_0048.nii.gz,M0_Star,p0.3,18.85362640225018,0.850932447466247
PARSE_0048.nii.gz,M1_Omission,GT_star,17.214105827870497,0.9250434589068693
PARSE_0048.nii.gz,M1_Omission,p0.3,18.66923359977921,0.8678060590090498
PARSE_0048.nii.gz,M2_Drift_mu0,GT_star,16.763586199427166,0.922007858304939
PARSE_0048.nii.gz,M2_Drift_mu0,p0.3,18.421828615293595,0.8629946933549606
PARSE_0049.nii.gz,M0_Star,GT_star,1.4259043183187292,0.9349999790200694
PARSE_0049.nii.gz,M0_Star,p0.3,2.2655711200489823,0.8968391929157149
PARSE_0049.nii.gz,M1_Omission,GT_star,1.892883465113476,0.9089113995785149
PARSE_0049.nii.gz,M1_Omission,p0.3,2.5657372843882515,0.8838585810833627
PARSE_0049.nii.gz,M2_Drift_mu0,GT_star,2.032931995911324,0.9044336215929378
PARSE_0049.nii.gz,M2_Drift_mu0,p0.3,2.5657372843882515,0.8828066732090285
PARSE_0050.nii.gz,M0_Star,GT_star,0.7734375,0.965539998944049
PARSE_0050.nii.gz,M0_Star,p0.3,0.7734375,0.9451616692991502
PARSE_0050.nii.gz,M1_Omission,GT_star,1.0,0.9473688132646091
PARSE_0050.nii.gz,M1_Omission,p0.3,1.0,0.9398168728518611
PARSE_0050.nii.gz,M2_Drift_mu0,GT_star,1.0,0.950265000946432
PARSE_0050.nii.gz,M2_Drift_mu0,p0.3,1.0,0.9416838608481013
PARSE_0051.nii.gz,M0_Star,GT_star,0.6328125,0.9769440860161995
PARSE_0051.nii.gz,M0_Star,p0.3,0.6328125,0.9495525783152878
PARSE_0051.nii.gz,M1_Omission,GT_star,0.8949320199392242,0.9555095264693105
PARSE_0051.nii.gz,M1_Omission,p0.3,0.8949320199392242,0.9395379944608178
PARSE_0051.nii.gz,M2_Drift_mu0,GT_star,0.8949320199392242,0.9534273111608487
PARSE_0051.nii.gz,M2_Drift_mu0,p0.3,0.8949320199392242,0.9394519662013019
PARSE_0052.nii.gz,M0_Star,GT_star,0.734375,0.958763328719858
PARSE_0052.nii.gz,M0_Star,p0.3,1.4417396718027842,0.9271684375396859
PARSE_0052.nii.gz,M1_Omission,GT_star,1.2406879706940823,0.9333425248576666
PARSE_0052.nii.gz,M1_Omission,p0.3,1.642112420976408,0.9193554800542549
PARSE_0052.nii.gz,M2_Drift_mu0,GT_star,1.2406879706940823,0.9356883690349602
PARSE_0052.nii.gz,M2_Drift_mu0,p0.3,1.642112420976408,0.9216111157790464
PARSE_0053.nii.gz,M0_Star,GT_star,0.9943689110435825,0.9614820340668905
PARSE_0053.nii.gz,M0_Star,p0.3,1.2224503121292907,0.940288031160948
PARSE_0053.nii.gz,M1_Omission,GT_star,2.334408466962241,0.9312673032374711
PARSE_0053.nii.gz,M1_Omission,p0.3,2.906795983660532,0.9236266859593819
PARSE_0053.nii.gz,M2_Drift_mu0,GT_star,1.863309911991293,0.9331985225360016
PARSE_0053.nii.gz,M2_Drift_mu0,p0.3,2.334408466962241,0.9244238520630558
PARSE_0054.nii.gz,M0_Star,GT_star,0.9860825034515526,0.9567769633675492
PARSE_0054.nii.gz,M0_Star,p0.3,2.091796875,0.8776448176635806
PARSE_0054.nii.gz,M1_Omission,GT_star,0.697265625,0.9577136371553627
PARSE_0054.nii.gz,M1_Omission,p0.3,1.404406886772235,0.8907550282650363
PARSE_0054.nii.gz,M2_Drift_mu0,GT_star,0.9860825034515526,0.9558127196385378
PARSE_0054.nii.gz,M2_Drift_mu0,p0.3,1.404406886772235,0.8914686858347874
PARSE_0055.nii.gz,M0_Star,GT_star,1.1897144750849098,0.9387491117245805
PARSE_0055.nii.gz,M0_Star,p0.3,2.0792701262251856,0.9000487789471467
PARSE_0055.nii.gz,M1_Omission,GT_star,1.4412156886229113,0.9189526141949058
PARSE_0055.nii.gz,M1_Omission,p0.3,2.270287497711606,0.8910225107303228
PARSE_0055.nii.gz,M2_Drift_mu0,GT_star,1.353085756503676,0.9207330536542283
PARSE_0055.nii.gz,M2_Drift_mu0,p0.3,2.176875005607594,0.8907244038733179
PARSE_0056.nii.gz,M0_Star,GT_star,0.8562621178430849,0.9711007598498295
PARSE_0056.nii.gz,M0_Star,p0.3,1.3538692832518258,0.9368400951262243
PARSE_0056.nii.gz,M1_Omission,GT_star,1.169013433296026,0.9536893306545416
PARSE_0056.nii.gz,M1_Omission,p0.3,1.683140527743543,0.9334085752784144
PARSE_0056.nii.gz,M2_Drift_mu0,GT_star,1.169013433296026,0.9553759318423856
PARSE_0056.nii.gz,M2_Drift_mu0,p0.3,1.570467964941103,0.9356089181880433
PARSE_0057.nii.gz,M0_Star,GT_star,0.6875,0.9821186327969145
PARSE_0057.nii.gz,M0_Star,p0.3,3.6454166428544212,0.8796817030799129
PARSE_0057.nii.gz,M1_Omission,GT_star,0.6875,0.9851373420338817
PARSE_0057.nii.gz,M1_Omission,p0.3,1.5372967345311055,0.8990838217276281
PARSE_0057.nii.gz,M2_Drift_mu0,GT_star,0.6875,0.9847727655040933
PARSE_0057.nii.gz,M2_Drift_mu0,p0.3,1.5372967345311055,0.8986069923521148
PARSE_0058.nii.gz,M0_Star,GT_star,0.71484375,0.9388407444239238
PARSE_0058.nii.gz,M0_Star,p0.3,1.229228045121841,0.8941427158113696
PARSE_0058.nii.gz,M1_Omission,GT_star,1.0109417262276421,0.9164471360080747
PARSE_0058.nii.gz,M1_Omission,p0.3,1.4219715798243384,0.8878750151828009
PARSE_0058.nii.gz,M2_Drift_mu0,GT_star,1.0109417262276421,0.9148926152376724
PARSE_0058.nii.gz,M2_Drift_mu0,p0.3,1.4219715798243384,0.8866462042773728
PARSE_0059.nii.gz,M0_Star,GT_star,1.1629871291205247,0.9306788439048839
PARSE_0059.nii.gz,M0_Star,p0.3,3.32427153674305,0.8733007296160641
PARSE_0059.nii.gz,M1_Omission,GT_star,1.9545619713889861,0.9041242318342103
PARSE_0059.nii.gz,M1_Omission,p0.3,3.197441604236112,0.869470332540293
PARSE_0059.nii.gz,M2_Drift_mu0,GT_star,2.042755874425527,0.9005198142108904
PARSE_0059.nii.gz,M2_Drift_mu0,p0.3,3.350169072226057,0.8674353652139998
PARSE_0060.nii.gz,M0_Star,GT_star,0.9004562916672442,0.9607945914721551
PARSE_0060.nii.gz,M0_Star,p0.3,2.193358505398314,0.9003772038988043
PARSE_0060.nii.gz,M1_Omission,GT_star,1.0,0.9529814573725516
PARSE_0060.nii.gz,M1_Omission,p0.3,2.0,0.9038702870342986
PARSE_0060.nii.gz,M2_Drift_mu0,GT_star,1.0,0.9466748975812335
PARSE_0060.nii.gz,M2_Drift_mu0,p0.3,2.248134263342745,0.8983936315328704
PARSE_0061.nii.gz,M0_Star,GT_star,1.0,0.9456699106991379
PARSE_0061.nii.gz,M0_Star,p0.3,1.25,0.9209707144578235
PARSE_0061.nii.gz,M1_Omission,GT_star,1.1792476415070754,0.9432890401181152
PARSE_0061.nii.gz,M1_Omission,p0.3,1.1792476415070754,0.9291177160843216
PARSE_0061.nii.gz,M2_Drift_mu0,GT_star,1.0,0.9456867772993371
PARSE_0061.nii.gz,M2_Drift_mu0,p0.3,1.1792476415070754,0.9300767329774307
PARSE_0062.nii.gz,M0_Star,GT_star,1.303728127812697,0.9456702936986634
PARSE_0062.nii.gz,M0_Star,p0.3,6.82603300332631,0.8439746371897464
PARSE_0062.nii.gz,M1_Omission,GT_star,1.3600932010803524,0.9372023003520622
PARSE_0062.nii.gz,M1_Omission,p0.3,5.499667070889383,0.8547542629682093
PARSE_0062.nii.gz,M2_Drift_mu0,GT_star,1.3600932010803524,0.9432610009863502
PARSE_0062.nii.gz,M2_Drift_mu0,p0.3,4.842262876551107,0.8576428673732455
PARSE_0063.nii.gz,M0_Star,GT_star,1.720724185810385,0.9428877796772172
PARSE_0063.nii.gz,M0_Star,p0.3,2.142936850382335,0.9270535326241001
PARSE_0063.nii.gz,M1_Omission,GT_star,3.3267148751210347,0.9121229302883063
PARSE_0063.nii.gz,M1_Omission,p0.3,3.3267148751210347,0.912836956175806
PARSE_0063.nii.gz,M2_Drift_mu0,GT_star,3.6708110160596665,0.9099364210420025
PARSE_0063.nii.gz,M2_Drift_mu0,p0.3,3.6708110160596665,0.9110836443345773
PARSE_0064.nii.gz,M0_Star,GT_star,3.0422240142903676,0.8864251792785315
PARSE_0064.nii.gz,M0_Star,p0.3,4.847201391331394,0.8492096434541875
PARSE_0064.nii.gz,M1_Omission,GT_star,4.0,0.8679606208177136
PARSE_0064.nii.gz,M1_Omission,p0.3,5.212298715448063,0.8403476111572477
PARSE_0064.nii.gz,M2_Drift_mu0,GT_star,3.701377488516944,0.8736429809358752
PARSE_0064.nii.gz,M2_Drift_mu0,p0.3,5.125428716824574,0.8428758647777341
PARSE_0065.nii.gz,M0_Star,GT_star,7.222619542987443,0.9098531236993179
PARSE_0065.nii.gz,M0_Star,p0.3,10.935648559817023,0.8492461519672538
PARSE_0065.nii.gz,M1_Omission,GT_star,7.886497460444878,0.918417629696333
PARSE_0065.nii.gz,M1_Omission,p0.3,10.588688274118521,0.8755704544253167
PARSE_0065.nii.gz,M2_Drift_mu0,GT_star,6.660243309548294,0.918616944690129
PARSE_0065.nii.gz,M2_Drift_mu0,p0.3,9.504339331352195,0.8731436960591411
PARSE_0066.nii.gz,M0_Star,GT_star,0.75,0.9688259078770688
PARSE_0066.nii.gz,M0_Star,p0.3,1.0,0.9157153160476412
PARSE_0066.nii.gz,M1_Omission,GT_star,0.75,0.9732747610016643
PARSE_0066.nii.gz,M1_Omission,p0.3,1.0,0.9265535103703856
PARSE_0066.nii.gz,M2_Drift_mu0,GT_star,0.75,0.9707443400878252
PARSE_0066.nii.gz,M2_Drift_mu0,p0.3,1.0,0.9231281225348409
PARSE_0067.nii.gz,M0_Star,GT_star,0.73046875,0.9628670855564063
PARSE_0067.nii.gz,M0_Star,p0.3,1.7704062750979646,0.899568919295687
PARSE_0067.nii.gz,M1_Omission,GT_star,0.73046875,0.9686050504918774
PARSE_0067.nii.gz,M1_Omission,p0.3,1.2383798265179236,0.9182217825626707
PARSE_0067.nii.gz,M2_Drift_mu0,GT_star,0.73046875,0.9693151108686032
PARSE_0067.nii.gz,M2_Drift_mu0,p0.3,1.2383798265179236,0.9178433655185008
PARSE_0068.nii.gz,M0_Star,GT_star,0.640625,0.9840420858796532
PARSE_0068.nii.gz,M0_Star,p0.3,1.1876027916037415,0.9211269843070953
PARSE_0068.nii.gz,M1_Omission,GT_star,0.640625,0.9714714320538543
PARSE_0068.nii.gz,M1_Omission,p0.3,1.0,0.928551432014314
PARSE_0068.nii.gz,M2_Drift_mu0,GT_star,0.640625,0.9732309946515133
PARSE_0068.nii.gz,M2_Drift_mu0,p0.3,0.905980563395264,0.9319918607280127
PARSE_0069.nii.gz,M0_Star,GT_star,0.73046875,0.9694967464411351
PARSE_0069.nii.gz,M0_Star,p0.3,1.9151822298760013,0.9126494946968917
PARSE_0069.nii.gz,M1_Omission,GT_star,0.73046875,0.9691214288144904
PARSE_0069.nii.gz,M1_Omission,p0.3,1.2383798265179236,0.9297296444682798
PARSE_0069.nii.gz,M2_Drift_mu0,GT_star,0.73046875,0.9721182843063697
PARSE_0069.nii.gz,M2_Drift_mu0,p0.3,1.0330388131397217,0.9313504856807905
PARSE_0070.nii.gz,M0_Star,GT_star,0.6796875,0.971877240934931
PARSE_0070.nii.gz,M0_Star,p0.3,1.8193063206291704,0.9174742046133122
PARSE_0070.nii.gz,M1_Omission,GT_star,0.6796875,0.9634060312331718
PARSE_0070.nii.gz,M1_Omission,p0.3,1.6875723364125759,0.9193994708002343
PARSE_0070.nii.gz,M2_Drift_mu0,GT_star,0.6796875,0.9658617705175032
PARSE_0070.nii.gz,M2_Drift_mu0,p0.3,1.6875723364125759,0.9219041447374182
PARSE_0071.nii.gz,M0_Star,GT_star,0.646484375,0.9769411874093039
PARSE_0071.nii.gz,M0_Star,p0.3,1.29296875,0.9225141705324403
PARSE_0071.nii.gz,M1_Omission,GT_star,0.646484375,0.967468380896356
PARSE_0071.nii.gz,M1_Omission,p0.3,1.1907737178486686,0.9287981598619897
PARSE_0071.nii.gz,M2_Drift_mu0,GT_star,0.646484375,0.9682784606354149
PARSE_0071.nii.gz,M2_Drift_mu0,p0.3,1.1907737178486686,0.9277045255918228
PARSE_0072.nii.gz,M0_Star,GT_star,0.8728349330271447,0.9552382210916379
PARSE_0072.nii.gz,M0_Star,p0.3,1.9517182433851716,0.8908907708178394
PARSE_0072.nii.gz,M1_Omission,GT_star,1.0,0.9476424738989753
PARSE_0072.nii.gz,M1_Omission,p0.3,1.7042893095895573,0.8982537116261727
PARSE_0072.nii.gz,M2_Drift_mu0,GT_star,0.8728349330271447,0.9548964231954699
PARSE_0072.nii.gz,M2_Drift_mu0,p0.3,1.588609971209107,0.900722559207536
PARSE_0073.nii.gz,M0_Star,GT_star,0.65234375,0.9814673109781025
PARSE_0073.nii.gz,M0_Star,p0.3,0.65234375,0.9480061237880003
PARSE_0073.nii.gz,M1_Omission,GT_star,0.65234375,0.9769066819010789
PARSE_0073.nii.gz,M1_Omission,p0.3,0.65234375,0.9511502283611973
PARSE_0073.nii.gz,M2_Drift_mu0,GT_star,0.65234375,0.9783001029740483
PARSE_0073.nii.gz,M2_Drift_mu0,p0.3,0.65234375,0.9514453596348565
PARSE_0074.nii.gz,M0_Star,GT_star,0.8728349330271447,0.9572076580412486
PARSE_0074.nii.gz,M0_Star,p0.3,1.234375,0.9129071909197218
PARSE_0074.nii.gz,M1_Omission,GT_star,1.0,0.9398894873050291
PARSE_0074.nii.gz,M1_Omission,p0.3,1.234375,0.9116469897391519
PARSE_0074.nii.gz,M2_Drift_mu0,GT_star,1.1751256997258845,0.9333156872493928
PARSE_0074.nii.gz,M2_Drift_mu0,p0.3,1.234375,0.9090300579454133
PARSE_0075.nii.gz,M0_Star,GT_star,0.6484375,0.9783246644834007
PARSE_0075.nii.gz,M0_Star,p0.3,0.6484375,0.9311800145315993
PARSE_0075.nii.gz,M1_Omission,GT_star,0.6484375,0.9676427276279014
PARSE_0075.nii.gz,M1_Omission,p0.3,0.6484375,0.9322747752650022
PARSE_0075.nii.gz,M2_Drift_mu0,GT_star,0.6484375,0.9702040487893194
PARSE_0075.nii.gz,M2_Drift_mu0,p0.3,0.6484375,0.9343598675173346
PARSE_0076.nii.gz,M0_Star,GT_star,1.371338564326043,0.9437851664047764
PARSE_0076.nii.gz,M0_Star,p0.3,2.7175402525839543,0.9086865329861287
PARSE_0076.nii.gz,M1_Omission,GT_star,2.00222654382877,0.9343638980923952
PARSE_0076.nii.gz,M1_Omission,p0.3,3.062044070813084,0.9095517792176419
PARSE_0076.nii.gz,M2_Drift_mu0,GT_star,1.6972240447294553,0.9389759073179729
PARSE_0076.nii.gz,M2_Drift_mu0,p0.3,2.4268252081310497,0.9154595809353684
PARSE_0077.nii.gz,M0_Star,GT_star,0.6640625,0.9751446702346815
PARSE_0077.nii.gz,M0_Star,p0.3,1.328125,0.9206449969920316
PARSE_0077.nii.gz,M1_Omission,GT_star,0.6640625,0.9734324151923915
PARSE_0077.nii.gz,M1_Omission,p0.3,0.9999997615814209,0.9291422915273111
PARSE_0077.nii.gz,M2_Drift_mu0,GT_star,0.6640625,0.9709473244839139
PARSE_0077.nii.gz,M2_Drift_mu0,p0.3,1.2004076503709682,0.9257891059565582
PARSE_0078.nii.gz,M0_Star,GT_star,1.0,0.9673607701706527
PARSE_0078.nii.gz,M0_Star,p0.3,3.009039928126993,0.8841652782944859
PARSE_0078.nii.gz,M1_Omission,GT_star,1.0,0.9590997845929737
PARSE_0078.nii.gz,M1_Omission,p0.3,2.55483084460229,0.8874319316694171
PARSE_0078.nii.gz,M2_Drift_mu0,GT_star,1.0,0.9633981802876022
PARSE_0078.nii.gz,M2_Drift_mu0,p0.3,2.460553045366529,0.8894530358245047
PARSE_0079.nii.gz,M0_Star,GT_star,0.6328125,0.977241252594947
PARSE_0079.nii.gz,M0_Star,p0.3,0.8949320199392242,0.9402150562776384
PARSE_0079.nii.gz,M1_Omission,GT_star,0.6328125,0.9727169731022941
PARSE_0079.nii.gz,M1_Omission,p0.3,0.8949320199392242,0.9469676007059098
PARSE_0079.nii.gz,M2_Drift_mu0,GT_star,0.6328125,0.9737062176017413
PARSE_0079.nii.gz,M2_Drift_mu0,p0.3,0.8949320199392242,0.9473186351641758
PARSE_0080.nii.gz,M0_Star,GT_star,1.0,0.9699783048150358
PARSE_0080.nii.gz,M0_Star,p0.3,2.427295157121432,0.9154177576302317
PARSE_0080.nii.gz,M1_Omission,GT_star,1.0,0.9650086143007016
PARSE_0080.nii.gz,M1_Omission,p0.3,1.9864241465237422,0.9200729387915183
PARSE_0080.nii.gz,M2_Drift_mu0,GT_star,1.0,0.9636248396888354
PARSE_0080.nii.gz,M2_Drift_mu0,p0.3,1.8321311939689424,0.9223145008032086
PARSE_0081.nii.gz,M0_Star,GT_star,1.0,0.941268096317117
PARSE_0081.nii.gz,M0_Star,p0.3,1.353085756503676,0.9190543435253026
PARSE_0081.nii.gz,M1_Omission,GT_star,1.353085756503676,0.9218853913584002
PARSE_0081.nii.gz,M1_Omission,p0.3,1.6314662512311586,0.9091473244218725
PARSE_0081.nii.gz,M2_Drift_mu0,GT_star,1.4412156886229113,0.9184416307599325
PARSE_0081.nii.gz,M2_Drift_mu0,p0.3,1.754167227242834,0.9067920805008814
PARSE_0082.nii.gz,M0_Star,GT_star,0.74609375,0.959709099624391
PARSE_0082.nii.gz,M0_Star,p0.3,1.0,0.9202931219944318
PARSE_0082.nii.gz,M1_Omission,GT_star,0.74609375,0.9612029402766119
PARSE_0082.nii.gz,M1_Omission,p0.3,0.74609375,0.9312796700626731
PARSE_0082.nii.gz,M2_Drift_mu0,GT_star,0.74609375,0.9591253074723127
PARSE_0082.nii.gz,M2_Drift_mu0,p0.3,0.74609375,0.9294568233554326
PARSE_0083.nii.gz,M0_Star,GT_star,1.0054174544996222,0.963660826242552
PARSE_0083.nii.gz,M0_Star,p0.3,1.2269605245916635,0.9454748087832964
PARSE_0083.nii.gz,M1_Omission,GT_star,1.2269605245916635,0.9552222327371376
PARSE_0083.nii.gz,M1_Omission,p0.3,1.2269605245916635,0.9443844001575742
PARSE_0083.nii.gz,M2_Drift_mu0,GT_star,1.2269605245916635,0.9560752600269146
PARSE_0083.nii.gz,M2_Drift_mu0,p0.3,1.2269605245916635,0.9452081452973959
PARSE_0084.nii.gz,M0_Star,GT_star,1.1876027916037415,0.9478989167936127
PARSE_0084.nii.gz,M0_Star,p0.3,2.1000953289374746,0.9027563833637036
PARSE_0084.nii.gz,M1_Omission,GT_star,1.1876027916037415,0.9406529803018675
PARSE_0084.nii.gz,M1_Omission,p0.3,1.746997983148521,0.9105510305141472
PARSE_0084.nii.gz,M2_Drift_mu0,GT_star,1.4324810480858028,0.9255409260407167
PARSE_0084.nii.gz,M2_Drift_mu0,p0.3,2.166472597478445,0.8964416564893971
PARSE_0085.nii.gz,M0_Star,GT_star,0.775390625,0.9878672172537667
PARSE_0085.nii.gz,M0_Star,p0.3,0.775390625,0.9397047171214936
PARSE_0085.nii.gz,M1_Omission,GT_star,0.775390625,0.9837862572480347
PARSE_0085.nii.gz,M1_Omission,p0.3,0.775390625,0.9456737968301275
PARSE_0085.nii.gz,M2_Drift_mu0,GT_star,0.775390625,0.9788459355229344
PARSE_0085.nii.gz,M2_Drift_mu0,p0.3,0.775390625,0.9413889769864792
