metric,reference,model_pair,ratio_median,ratio_ci_low,ratio_ci_high,ref_effect_abs_median,model_effect_abs_median,n,git_commit,seed,timestamp
cldice,GT_minus_omission,M0_Star_vs_M1_Omission,4.3531228850941135,3.589859593157491,6.342346839775938,0.0915885920938147,0.02103974422762811,85,c1e84f2,42,2026-09-07T15:23:01+00:00
cldice,GT_minus_omission,M0_Star_vs_M2_Drift_mu0,4.521369005911303,3.493742988472286,6.638020079537176,0.0907111014502508,0.020062751200278894,85,c1e84f2,42,2026-09-07T15:23:01+00:00
cldice,GT_minus_omission,M1_Omission_vs_M2_Drift_mu0,22.220770863116982,17.81672965420554,29.787591910718106,0.08654138873979933,0.0038946168552345117,85,c1e84f2,42,2026-09-07T15:23:01+00:00
cldice,GT_minus_drift_neg,M0_Star_vs_M1_Omission,1.0270319424653427,0.7565902911764018,1.345754095555536,0.025042458186541328,0.024383329428321443,85,c1e84f2,42,2026-09-07T15:23:01+00:00
cldice,GT_minus_drift_neg,M0_Star_vs_M2_Drift_mu0,1.1041046220194866,0.6992915965218773,1.4290848305041173,0.02546713287904734,0.023065869276469586,85,c1e84f2,42,2026-09-07T15:23:01+00:00
cldice,GT_minus_drift_neg,M1_Omission_vs_M2_Drift_mu0,6.29896858796087,4.34177159188024,8.169747486600485,0.021909666448047427,0.0034782942861348864,85,c1e84f2,42,2026-09-07T15:23:01+00:00
cldice,GT_minus_drift_pos,M0_Star_vs_M1_Omission,0.2816573562152196,0.2243452639909343,0.34958520739499244,0.00934549773238541,0.033180378662804544,85,c1e84f2,42,2026-09-07T15:23:01+00:00
cldice,GT_minus_drift_pos,M0_Star_vs_M2_Drift_mu0,0.3217911635496667,0.2510978092108401,0.41017254078372256,0.009110359407294155,0.028311403292738402,85,c1e84f2,42,2026-09-07T15:23:01+00:00
cldice,GT_minus_drift_pos,M1_Omission_vs_M2_Drift_mu0,2.049927736511155,1.4819065713845418,2.5844913541180112,0.008875032971390362,0.004329436991030278,85,c1e84f2,42,2026-09-07T15:23:01+00:00
hd95,GT_minus_omission,M0_Star_vs_M1_Omission,2.1555478235474066,1.5165858307404514,3.2832847679812014,0.537109375,0.24917534611506498,85,c1e84f2,42,2026-09-07T15:23:01+00:00
hd95,GT_minus_omission,M0_Star_vs_M2_Drift_mu0,2.0152894687692604,1.434438365481426,3.0839967803287807,0.5098723001381686,0.25300201685147905,85,c1e84f2,42,2026-09-07T15:23:01+00:00
hd95,GT_minus_omission,M1_Omission_vs_M2_Drift_mu0,5.248045432137186,3.161574939694883,24.281263397017547,0.4361412059761945,0.08310545547213044,85,c1e84f2,42,2026-09-07T15:23:01+00:00
hd95,GT_minus_drift_neg,M0_Star_vs_M1_Omission,8.549023884091918,1.8623081315642802,13.750065309610717,0.09354107885330548,0.01094172622764189,85,c1e84f2,42,2026-09-07T15:23:01+00:00
hd95,GT_minus_drift_neg,M0_Star_vs_M2_Drift_mu0,,,,0.07002426539892403,0.0,85,c1e84f2,42,2026-09-07T15:23:01+00:00
hd95,GT_minus_drift_neg,M1_Omission_vs_M2_Drift_mu0,,,,0.06634466935043765,0.0,85,c1e84f2,42,2026-09-07T15:23:01+00:00
hd95,GT_minus_drift_pos,M0_Star_vs_M1_Omission,1.3014425714005369,0.8769610052804799,2.598609792630131,0.19921875,0.15307532916001998,85,c1e84f2,42,2026-09-07T15:23:01+00:00
hd95,GT_minus_drift_pos,M0_Star_vs_M2_Drift_mu0,1.2441043139599015,0.8159168238374749,1.9641701480882126,0.20631600042414322,0.16583496906899475,85,c1e84f2,42,2026-09-07T15:23:01+00:00
hd95,GT_minus_drift_pos,M1_Omission_vs_M2_Drift_mu0,,,,0.24223552290549843,0.0,85,c1e84f2,42,2026-09-07T15:23:01+00:00
nsd,GT_minus_omission,M0_Star_vs_M1_Omission,5.66607053582298,4.870626067929194,6.824782659210933,0.04301172185903063,0.007591102438117336,85,c1e84f2,42,2026-09-07T15:23:01+00:00
nsd,GT_minus_omission,M0_Star_vs_M2_Drift_mu0,5.874498631187468,4.9195104794333435,7.154010746273965,0.04331442647894629,0.007373297569428616,85,c1e84f2,42,2026-09-07T15:23:01+00:00
nsd,GT_minus_omission,M1_Omission_vs_M2_Drift_mu0,23.18127922887591,16.704939129982055,30.199524450520098,0.03774992671984234,0.0016284660715711885,85,c1e84f2,42,2026-09-07T15:23:01+00:00
nsd,GT_minus_drift_neg,M0_Star_vs_M1_Omission,0.29400784110117223,0.23252836957434092,0.41846046674031906,0.0020756547596416097,0.007059861913435661,85,c1e84f2,42,2026-09-07T15:23:01+00:00
nsd,GT_minus_drift_neg,M0_Star_vs_M2_Drift_mu0,0.3368985940440322,0.25269320810340584,0.4846937036059083,0.002254774222987699,0.006692738595083014,85,c1e84f2,42,2026-09-07T15:23:01+00:00
nsd,GT_minus_drift_neg,M1_Omission_vs_M2_Drift_mu0,1.1111771755401796,0.7674673460249283,1.75925066434049,0.0019050385060934705,0.001714432718767256,85,c1e84f2,42,2026-09-07T15:23:01+00:00
nsd,GT_minus_drift_pos,M0_Star_vs_M1_Omission,0.35189147768742063,0.27828465939343194,0.4219367943952326,0.003519898890919304,0.010002796640747214,85,c1e84f2,42,2026-09-07T15:23:01+00:00
nsd,GT_minus_drift_pos,M0_Star_vs_M2_Drift_mu0,0.37178758869181827,0.2927961727742152,0.47053603699673396,0.0034617267656983364,0.00931103369501618,85,c1e84f2,42,2026-09-07T15:23:01+00:00
nsd,GT_minus_drift_pos,M1_Omission_vs_M2_Drift_mu0,2.0278586700876904,1.6176935344182044,2.7038635542193643,0.004649766440474656,0.002292944034543387,85,c1e84f2,42,2026-09-07T15:23:01+00:00
nsd05,GT_minus_omission,M0_Star_vs_M1_Omission,2.8499983147415526,1.8853497383115911,4.5207982622385305,0.051933382915113735,0.018222250394496542,85,c1e84f2,42,2026-09-07T15:23:01+00:00
nsd05,GT_minus_omission,M0_Star_vs_M2_Drift_mu0,2.311744677613014,1.65970843780371,3.3236830936782766,0.04981713325263776,0.02154958276104968,85,c1e84f2,42,2026-09-07T15:23:01+00:00
nsd05,GT_minus_omission,M1_Omission_vs_M2_Drift_mu0,5.04936351734513,3.6368774746728203,8.182294170707662,0.04520232635796262,0.008952084000822591,85,c1e84f2,42,2026-09-07T15:23:01+00:00
nsd05,GT_minus_drift_neg,M0_Star_vs_M1_Omission,2.2667009141558636,1.820284906118574,3.6924105294316676,0.056947703570691455,0.025123607272157122,85,c1e84f2,42,2026-09-07T15:23:01+00:00
nsd05,GT_minus_drift_neg,M0_Star_vs_M2_Drift_mu0,2.319592203934023,1.7728025557805194,3.094436204927299,0.05765636337426744,0.02485624985136714,85,c1e84f2,42,2026-09-07T15:23:01+00:00
nsd05,GT_minus_drift_neg,M1_Omission_vs_M2_Drift_mu0,7.710980896801778,5.683071796001763,9.857876939575553,0.05334759296943681,0.006918392573318832,85,c1e84f2,42,2026-09-07T15:23:01+00:00
nsd05,GT_minus_drift_pos,M0_Star_vs_M1_Omission,2.158167726433104,1.772099668493423,2.9356437845625005,0.06623609476676823,0.030690892999423847,85,c1e84f2,42,2026-09-07T15:23:01+00:00
nsd05,GT_minus_drift_pos,M0_Star_vs_M2_Drift_mu0,2.4765352288511253,1.9917292167070362,2.9690815021680597,0.06694703142556085,0.02703253749255885,85,c1e84f2,42,2026-09-07T15:23:01+00:00
nsd05,GT_minus_drift_pos,M1_Omission_vs_M2_Drift_mu0,7.987940069262517,6.7399599396030725,11.321078980939479,0.06809379311585728,0.008524574862282863,85,c1e84f2,42,2026-09-07T15:23:01+00:00
betti0,GT_minus_omission,M0_Star_vs_M1_Omission,1.8888888888888888,1.3636363636363635,2.25,17.0,9.0,85,c1e84f2,42,2026-09-07T15:23:01+00:00
betti0,GT_minus_omission,M0_Star_vs_M2_Drift_mu0,1.7,1.0769230769230769,2.0,17.0,10.0,85,c1e84f2,42,2026-09-07T15:23:01+00:00
betti0,GT_minus_omission,M1_Omission_vs_M2_Drift_mu0,1.8888888888888888,1.3636363636363635,2.3333333333333335,17.0,9.0,85,c1e84f2,42,2026-09-07T15:23:01+00:00
betti0,GT_minus_drift_neg,M0_Star_vs_M1_Omission,6.333333333333333,4.166666666666667,7.375,57.0,9.0,85,c1e84f2,42,2026-09-07T15:23:01+00:00
betti0,GT_minus_drift_neg,M0_Star_vs_M2_Drift_mu0,6.555555555555555,4.615384615384615,9.142857142857142,59.0,9.0,85,c1e84f2,42,2026-09-07T15:23:01+00:00
betti0,GT_minus_drift_neg,M1_Omission_vs_M2_Drift_mu0,6.666666666666667,5.0,8.285714285714286,60.0,9.0,85,c1e84f2,42,2026-09-07T15:23:01+00:00
betti0,GT_minus_drift_pos,M0_Star_vs_M1_Omission,2.5555555555555554,1.8333333333333333,3.375,23.0,9.0,85,c1e84f2,42,2026-09-07T15:23:01+00:00
betti0,GT_minus_drift_pos,M0_Star_vs_M2_Drift_mu0,2.3,1.4666666666666666,2.8,23.0,10.0,85,c1e84f2,42,2026-09-07T15:23:01+00:00
betti0,GT_minus_drift_pos,M1_Omission_vs_M2_Drift_mu0,2.5555555555555554,1.9090909090909092,3.125,23.0,9.0,85,c1e84f2,42,2026-09-07T15:23:01+00:00
volume_delta_abs,GT_minus_omission,M0_Star_vs_M1_Omission,1.4086509457649514,1.210503078161273,1.7054726865656171,0.059718057968262406,0.04239379396847898,85,c1e84f2,42,2026-09-07T15:23:01+00:00
volume_delta_abs,GT_minus_omission,M0_Star_vs_M2_Drift_mu0,1.147961197193938,0.9808880313359641,1.384175333679383,0.056698731574179095,0.0493908084286932,85,c1e84f2,42,2026-09-07T15:23:01+00:00
volume_delta_abs,GT_minus_omission,M1_Omission_vs_M2_Drift_mu0,4.798790956313034,3.205801366657915,6.226821337189887,0.0671800576267878,0.013999371558039903,85,c1e84f2,42,2026-09-07T15:23:01+00:00
volume_delta_abs,GT_minus_drift_neg,M0_Star_vs_M1_Omission,0.8960978771459502,0.7741303650381095,1.0366163744733599,0.038745923071904,0.0432384944324484,85,c1e84f2,42,2026-09-07T15:23:01+00:00
volume_delta_abs,GT_minus_drift_neg,M0_Star_vs_M2_Drift_mu0,0.7575058222179931,0.6720967573714293,0.8541243449307365,0.038295034560480806,0.050554112506161514,85,c1e84f2,42,2026-09-07T15:23:01+00:00
volume_delta_abs,GT_minus_drift_neg,M1_Omission_vs_M2_Drift_mu0,3.0786317610105196,2.070574309609527,3.6702586064358145,0.0389706361019624,0.012658427225856597,85,c1e84f2,42,2026-09-07T15:23:01+00:00
volume_delta_abs,GT_minus_drift_pos,M0_Star_vs_M1_Omission,1.396836062538005,1.2083150477536737,1.5949479329869736,0.05481132955892985,0.03923962949477369,85,c1e84f2,42,2026-09-07T15:23:01+00:00
volume_delta_abs,GT_minus_drift_pos,M0_Star_vs_M2_Drift_mu0,1.110365795026101,0.9468741569434701,1.2637652117416953,0.05327139002267841,0.04797643286681591,85,c1e84f2,42,2026-09-07T15:23:01+00:00
volume_delta_abs,GT_minus_drift_pos,M1_Omission_vs_M2_Drift_mu0,4.756729966224644,3.1918533779574862,5.9545866391245355,0.0560357426761999,0.011780307705941684,85,c1e84f2,42,2026-09-07T15:23:01+00:00
