case,scenario,cldice_ref_vs_star,nsd05_ref_vs_star,nsd_ref_vs_star,hd95_ref_vs_star,betti0_ref_vs_star,dV_ref_vs_star,git_commit,seed,timestamp
PARSE_0001.nii.gz,GT_minus_drift_neg,0.9595901096422964,0.8765974028950958,0.996546362410364,0.0,97.0,-0.04559976435401278,c1e84f2,42.0,2026-09-07T15:42:08+00:00
PARSE_0001.nii.gz,GT_minus_drift_pos,0.9869202254408728,0.8704614980121015,0.9996269359360177,0.0,21.0,0.0764716545067295,c1e84f2,42.0,2026-09-07T15:42:08+00:00
PARSE_0001.nii.gz,GT_minus_omission,0.832123593260971,0.9009855025248412,0.9295447141228214,0.0,17.0,-0.08891859639582483,c1e84f2,42.0,2026-09-07T15:42:08+00:00
PARSE_0002.nii.gz,GT_minus_drift_neg,0.9599852750038895,0.8801324300766137,0.9974041564081783,0.0,106.0,-0.04319411861179843,c1e84f2,42.0,2026-09-07T15:42:08+00:00
PARSE_0002.nii.gz,GT_minus_drift_pos,0.984077800188445,0.866515212637211,0.9996249035719088,0.0,31.0,0.07466895799314029,c1e84f2,42.0,2026-09-07T15:42:08+00:00
PARSE_0002.nii.gz,GT_minus_omission,0.8470504281636537,0.9085921362859798,0.9284928760708213,0.0,11.0,-0.07848743930005206,c1e84f2,42.0,2026-09-07T15:42:08+00:00
PARSE_0003.nii.gz,GT_minus_drift_neg,0.9623670040045655,0.8862196863909351,0.9972952318458442,0.0,85.0,-0.04118915278245503,c1e84f2,42.0,2026-09-07T15:42:08+00:00
PARSE_0003.nii.gz,GT_minus_drift_pos,0.9841348479680843,0.8741928384110061,0.9996232313322316,0.0,17.0,0.062273249617236674,c1e84f2,42.0,2026-09-07T15:42:08+00:00
PARSE_0003.nii.gz,GT_minus_omission,0.9150171364621948,0.9479876945201394,0.9671567886456209,0.0,10.0,-0.04161618125449161,c1e84f2,42.0,2026-09-07T15:42:08+00:00
PARSE_0004.nii.gz,GT_minus_drift_neg,0.9619993220062646,0.8950584851920471,0.9978338817760326,0.0,80.0,-0.04417646497950007,c1e84f2,42.0,2026-09-07T15:42:08+00:00
PARSE_0004.nii.gz,GT_minus_drift_pos,0.9816585933773723,0.876406422250533,0.9994466535407739,0.70703125,18.0,0.08382638543877874,c1e84f2,42.0,2026-09-07T15:42:08+00:00
PARSE_0004.nii.gz,GT_minus_omission,0.9169456400446357,0.9406762348626294,0.9604872463644181,0.0,7.0,-0.05999929743211438,c1e84f2,42.0,2026-09-07T15:42:08+00:00
PARSE_0005.nii.gz,GT_minus_drift_neg,0.958848720005538,0.8831708402796568,0.9969799858600494,0.67578125,108.0,-0.06311476614994045,c1e84f2,42.0,2026-09-07T15:42:08+00:00
PARSE_0005.nii.gz,GT_minus_drift_pos,0.9860578320524178,0.8740508994645328,0.9996751098008544,0.67578125,20.0,0.08153263314725961,c1e84f2,42.0,2026-09-07T15:42:08+00:00
PARSE_0005.nii.gz,GT_minus_omission,0.8648859426788847,0.9060403912848528,0.930239474382555,0.67578125,12.0,-0.09734808200312682,c1e84f2,42.0,2026-09-07T15:42:08+00:00
PARSE_0006.nii.gz,GT_minus_drift_neg,0.9634826954100829,0.874344964861681,0.9975118820327415,0.0,80.0,-0.03856683386300111,c1e84f2,42.0,2026-09-07T15:42:08+00:00
PARSE_0006.nii.gz,GT_minus_drift_pos,0.982688753013338,0.8560905149384637,0.9994940922265143,0.65625,21.0,0.07787073553624076,c1e84f2,42.0,2026-09-07T15:42:08+00:00
PARSE_0006.nii.gz,GT_minus_omission,0.8758644536652835,0.9238182947463108,0.9455034160759033,0.0,13.0,-0.06651797679672244,c1e84f2,42.0,2026-09-07T15:42:08+00:00
PARSE_0007.nii.gz,GT_minus_drift_neg,0.9640267441350012,0.8883542246799245,0.9972587503056789,0.0,73.0,-0.039855491133028366,c1e84f2,42.0,2026-09-07T15:42:08+00:00
PARSE_0007.nii.gz,GT_minus_drift_pos,0.9838194107800355,0.8804510141550306,0.9995354170737912,0.0,14.0,0.0614910378673047,c1e84f2,42.0,2026-09-07T15:42:08+00:00
PARSE_0007.nii.gz,GT_minus_omission,0.9178434782608695,0.9478947304600187,0.9693051418131551,0.0,11.0,-0.04060318517662573,c1e84f2,42.0,2026-09-07T15:42:08+00:00
PARSE_0008.nii.gz,GT_minus_drift_neg,0.9702431682007016,0.8822334990262515,0.9987270356187887,0.0,79.0,-0.036190813394522896,c1e84f2,42.0,2026-09-07T15:42:08+00:00
PARSE_0008.nii.gz,GT_minus_drift_pos,0.9868120330215523,0.8783112234835381,0.999825406011853,0.0,10.0,0.05539198997725818,c1e84f2,42.0,2026-09-07T15:42:08+00:00
PARSE_0008.nii.gz,GT_minus_omission,0.8648959081119885,0.9217349076228374,0.9449433560199179,0.0,16.0,-0.05708332765922678,c1e84f2,42.0,2026-09-07T15:42:08+00:00
PARSE_0009.nii.gz,GT_minus_drift_neg,0.9659502379784131,0.8779130106613832,0.998105167154134,0.0,68.0,-0.04352021773193718,c1e84f2,42.0,2026-09-07T15:42:08+00:00
PARSE_0009.nii.gz,GT_minus_drift_pos,0.9856810747199141,0.8740445941870131,0.9997940222308863,0.0,7.0,0.054069879652073785,c1e84f2,42.0,2026-09-07T15:42:08+00:00
PARSE_0009.nii.gz,GT_minus_omission,0.8898484729528147,0.9347917200743843,0.9569442240316418,0.0,14.0,-0.05090007425653507,c1e84f2,42.0,2026-09-07T15:42:08+00:00
PARSE_0010.nii.gz,GT_minus_drift_neg,0.9511256357134592,0.8630115011993629,0.9962060591138518,0.0,122.0,-0.05474625349947851,c1e84f2,42.0,2026-09-07T15:42:08+00:00
PARSE_0010.nii.gz,GT_minus_drift_pos,0.9790499384145495,0.8642892963377689,0.9993714234682312,0.0,31.0,0.06702187517154307,c1e84f2,42.0,2026-09-07T15:42:08+00:00
PARSE_0010.nii.gz,GT_minus_omission,0.8893694892696723,0.9283308058298508,0.9489019830290683,0.0,18.0,-0.06140212438930669,c1e84f2,42.0,2026-09-07T15:42:08+00:00
PARSE_0011.nii.gz,GT_minus_drift_neg,0.9628891381626133,0.8768269616552989,0.9976958789476701,0.0,103.0,-0.05306680807568456,c1e84f2,42.0,2026-09-07T15:42:08+00:00
PARSE_0011.nii.gz,GT_minus_drift_pos,0.9871433581355173,0.8749020632018804,0.9997529522209595,0.0,25.0,0.074324272396806,c1e84f2,42.0,2026-09-07T15:42:08+00:00
PARSE_0011.nii.gz,GT_minus_omission,0.8206050086784032,0.8920684394160644,0.9200585735380135,0.650390625,17.0,-0.098602048893705,c1e84f2,42.0,2026-09-07T15:42:08+00:00
PARSE_0012.nii.gz,GT_minus_drift_neg,0.9746122518399465,0.8893802252470117,0.9986042976577074,0.0,60.0,-0.039089455021200044,c1e84f2,42.0,2026-09-07T15:42:08+00:00
PARSE_0012.nii.gz,GT_minus_drift_pos,0.9882609561883721,0.8806525077207088,0.9999396145684167,0.0,11.0,0.059427937791924436,c1e84f2,42.0,2026-09-07T15:42:08+00:00
PARSE_0012.nii.gz,GT_minus_omission,0.9354355676913592,0.9521545263612914,0.9729080819993328,0.0,10.0,-0.03747003474175033,c1e84f2,42.0,2026-09-07T15:42:08+00:00
PARSE_0013.nii.gz,GT_minus_drift_neg,0.9849936251367867,0.8880182962640522,0.9994679711737109,0.0,23.0,-0.03267244824925871,c1e84f2,42.0,2026-09-07T15:42:08+00:00
PARSE_0013.nii.gz,GT_minus_drift_pos,0.9911538167948784,0.8675036056116429,0.9998787203356496,0.0,3.0,0.06536348679624104,c1e84f2,42.0,2026-09-07T15:42:08+00:00
PARSE_0013.nii.gz,GT_minus_omission,0.9038858476173383,0.9269003727500834,0.956825532655518,0.0,18.0,-0.060105530923411074,c1e84f2,42.0,2026-09-07T15:42:08+00:00
PARSE_0014.nii.gz,GT_minus_drift_neg,0.9547141706464609,0.8948019668815029,0.9966268197419813,0.0,72.0,-0.03707991547718213,c1e84f2,42.0,2026-09-07T15:42:08+00:00
PARSE_0014.nii.gz,GT_minus_drift_pos,0.983425187085888,0.8817917627016735,0.9996041687543842,0.0,17.0,0.06838536004555573,c1e84f2,42.0,2026-09-07T15:42:08+00:00
PARSE_0014.nii.gz,GT_minus_omission,0.885271468954089,0.9325122491442379,0.9527317269615411,0.0,8.0,-0.054506863949323955,c1e84f2,42.0,2026-09-07T15:42:08+00:00
PARSE_0015.nii.gz,GT_minus_drift_neg,0.976360067938113,0.899024638538471,0.9987068550439532,0.0,57.0,-0.04377366526255548,c1e84f2,42.0,2026-09-07T15:42:08+00:00
PARSE_0015.nii.gz,GT_minus_drift_pos,0.9925161060390334,0.8996492046371066,0.999740871384751,0.0,10.0,0.05085078490480659,c1e84f2,42.0,2026-09-07T15:42:08+00:00
PARSE_0015.nii.gz,GT_minus_omission,0.9033610603908838,0.9301706764637692,0.9569581423552282,0.0,23.0,-0.062303274706700475,c1e84f2,42.0,2026-09-07T15:42:08+00:00
PARSE_0016.nii.gz,GT_minus_drift_neg,0.9537298968056492,0.8893889942456231,0.9955071909362461,0.0,132.0,-0.03900970733701534,c1e84f2,42.0,2026-09-07T15:42:08+00:00
PARSE_0016.nii.gz,GT_minus_drift_pos,0.9841604626231271,0.8621650909906207,0.9992900115840215,0.6875,29.0,0.08871271572973363,c1e84f2,42.0,2026-09-07T15:42:08+00:00
PARSE_0016.nii.gz,GT_minus_omission,0.8564940962761126,0.9041256841223148,0.9278404844903477,0.0,11.0,-0.08570271981787721,c1e84f2,42.0,2026-09-07T15:42:08+00:00
PARSE_0017.nii.gz,GT_minus_drift_neg,0.9683708102040505,0.8811510990295683,0.9987597668361652,0.0,140.0,-0.041043180093960845,c1e84f2,42.0,2026-09-07T15:42:08+00:00
PARSE_0017.nii.gz,GT_minus_drift_pos,0.987175551897544,0.8658474161759632,0.9998198963361228,0.0,32.0,0.06519875587255262,c1e84f2,42.0,2026-09-07T15:42:08+00:00
PARSE_0017.nii.gz,GT_minus_omission,0.9010766898589032,0.9267311552126837,0.9568482750051073,0.0,22.0,-0.056846485445574704,c1e84f2,42.0,2026-09-07T15:42:08+00:00
PARSE_0018.nii.gz,GT_minus_drift_neg,0.9540969035687703,0.9044997298618437,0.995504129254676,0.0,87.0,-0.03683829400077984,c1e84f2,42.0,2026-09-07T15:42:08+00:00
PARSE_0018.nii.gz,GT_minus_drift_pos,0.9829463168539672,0.8908423688389548,0.9995479768992405,0.0,24.0,0.07147322229855606,c1e84f2,42.0,2026-09-07T15:42:08+00:00
PARSE_0018.nii.gz,GT_minus_omission,0.8028284821575399,0.8931012750278761,0.9159492759143703,0.0,9.0,-0.09206478885443552,c1e84f2,42.0,2026-09-07T15:42:08+00:00
PARSE_0019.nii.gz,GT_minus_drift_neg,0.9510343059215145,0.8725690454363516,0.9963588942400806,0.0,216.0,-0.04934245935167463,c1e84f2,42.0,2026-09-07T15:42:08+00:00
PARSE_0019.nii.gz,GT_minus_drift_pos,0.9806577455236649,0.8625642819329955,0.9996124177569387,0.537109375,44.0,0.08643463056165969,c1e84f2,42.0,2026-09-07T15:42:08+00:00
PARSE_0019.nii.gz,GT_minus_omission,0.9022572032869872,0.9301535216219383,0.957222228141014,0.0,18.0,-0.06540488173719902,c1e84f2,42.0,2026-09-07T15:42:08+00:00
PARSE_0020.nii.gz,GT_minus_drift_neg,0.9582811731149867,0.8790983333555374,0.99664939182798,0.0,131.0,-0.04977297720326805,c1e84f2,42.0,2026-09-07T15:42:08+00:00
PARSE_0020.nii.gz,GT_minus_drift_pos,0.9860189798595362,0.8721318327381354,0.9994099243350892,0.625,29.0,0.08166411420629727,c1e84f2,42.0,2026-09-07T15:42:08+00:00
PARSE_0020.nii.gz,GT_minus_omission,0.894643670021749,0.9328851192938905,0.9517618259550407,0.0,14.0,-0.06284112452183534,c1e84f2,42.0,2026-09-07T15:42:08+00:00
PARSE_0021.nii.gz,GT_minus_drift_neg,0.9735155979851131,0.8887164093994282,0.9983130449933868,0.0,78.0,-0.04109225410133702,c1e84f2,42.0,2026-09-07T15:42:08+00:00
PARSE_0021.nii.gz,GT_minus_drift_pos,0.9891874899016656,0.8749139838710476,0.9997499962870736,0.0,16.0,0.06828341109032583,c1e84f2,42.0,2026-09-07T15:42:08+00:00
PARSE_0021.nii.gz,GT_minus_omission,0.931099248714907,0.9540861597035873,0.9746285431578268,0.0,10.0,-0.03919152761813178,c1e84f2,42.0,2026-09-07T15:42:08+00:00
PARSE_0022.nii.gz,GT_minus_drift_neg,0.9794600720898446,0.8729128622443232,0.9991327882038236,0.0,45.0,-0.0399909008189263,c1e84f2,42.0,2026-09-07T15:42:08+00:00
PARSE_0022.nii.gz,GT_minus_drift_pos,0.9889180884384531,0.8685010011737899,0.9999654767658634,0.0,12.0,0.060598271155596,c1e84f2,42.0,2026-09-07T15:42:08+00:00
PARSE_0022.nii.gz,GT_minus_omission,0.9110116828237633,0.9377269539363053,0.9641504171484431,0.0,23.0,-0.04996815286624204,c1e84f2,42.0,2026-09-07T15:42:08+00:00
PARSE_0023.nii.gz,GT_minus_drift_neg,0.9798861374605841,0.8854425278091246,0.9991106453866408,0.0,50.0,-0.04299971355493535,c1e84f2,42.0,2026-09-07T15:42:08+00:00
PARSE_0023.nii.gz,GT_minus_drift_pos,0.9902460701998292,0.8764992422877073,0.9998680032186907,0.0,14.0,0.06168201555929033,c1e84f2,42.0,2026-09-07T15:42:08+00:00
PARSE_0023.nii.gz,GT_minus_omission,0.9332504661280298,0.9461044615803021,0.9772759114222059,0.0,25.0,-0.04497947988674013,c1e84f2,42.0,2026-09-07T15:42:08+00:00
PARSE_0024.nii.gz,GT_minus_drift_neg,0.9571246882525248,0.878420733524473,0.9974206410374983,0.0,165.0,-0.04427645217244151,c1e84f2,42.0,2026-09-07T15:42:08+00:00
PARSE_0024.nii.gz,GT_minus_drift_pos,0.9829299727454797,0.8607328905423522,0.9998020870392927,0.556640625,31.0,0.09311407962093328,c1e84f2,42.0,2026-09-07T15:42:08+00:00
PARSE_0024.nii.gz,GT_minus_omission,0.8566063764561619,0.9009165825074785,0.9300315562744438,0.0,25.0,-0.0926011126623514,c1e84f2,42.0,2026-09-07T15:42:08+00:00
PARSE_0025.nii.gz,GT_minus_drift_neg,0.964446913978995,0.8857581826661911,0.9976199621388789,0.0,104.0,-0.041443335084953584,c1e84f2,42.0,2026-09-07T15:42:08+00:00
PARSE_0025.nii.gz,GT_minus_drift_pos,0.9859942339572337,0.8717325383522909,0.9996929257776015,0.0,20.0,0.06918899982483798,c1e84f2,42.0,2026-09-07T15:42:08+00:00
PARSE_0025.nii.gz,GT_minus_omission,0.8225664274020904,0.8982077298769261,0.9307383329719638,0.0,29.0,-0.08533256898995208,c1e84f2,42.0,2026-09-07T15:42:08+00:00
PARSE_0026.nii.gz,GT_minus_drift_neg,0.9480223260810502,0.8984309223115193,0.9955989284347493,0.0,185.0,-0.0404660676876474,c1e84f2,42.0,2026-09-07T15:42:08+00:00
PARSE_0026.nii.gz,GT_minus_drift_pos,0.9850919256793684,0.8862803216535912,0.9994275789333364,0.0,37.0,0.0713794763941079,c1e84f2,42.0,2026-09-07T15:42:08+00:00
PARSE_0026.nii.gz,GT_minus_omission,0.857850472111862,0.9077455650791798,0.9307249877649616,0.0,8.0,-0.08090332511554972,c1e84f2,42.0,2026-09-07T15:42:08+00:00
PARSE_0027.nii.gz,GT_minus_drift_neg,0.9762782419862753,0.8812447742474916,0.9990071070234113,0.0,98.0,-0.04662323032676286,c1e84f2,42.0,2026-09-07T15:42:08+00:00
PARSE_0027.nii.gz,GT_minus_drift_pos,0.9901560271326898,0.8797315452660592,0.999928645840766,0.0,19.0,0.0620288264348228,c1e84f2,42.0,2026-09-07T15:42:08+00:00
PARSE_0027.nii.gz,GT_minus_omission,0.8823970037453184,0.9158584236127724,0.9500996776141166,0.0,32.0,-0.07257156061350048,c1e84f2,42.0,2026-09-07T15:42:08+00:00
PARSE_0028.nii.gz,GT_minus_drift_neg,0.9415482249661755,0.8768382103793659,0.99606041302413,0.0,131.0,-0.04348035921785843,c1e84f2,42.0,2026-09-07T15:42:08+00:00
PARSE_0028.nii.gz,GT_minus_drift_pos,0.9791670654718695,0.8772877186627297,0.9992670875998804,0.0,34.0,0.05335550910852641,c1e84f2,42.0,2026-09-07T15:42:08+00:00
PARSE_0028.nii.gz,GT_minus_omission,0.8524118070554355,0.9281441624174813,0.950695363927468,0.0,17.0,-0.05469942048462484,c1e84f2,42.0,2026-09-07T15:42:08+00:00
PARSE_0029.nii.gz,GT_minus_drift_neg,0.9720133362412644,0.8887150367555019,0.9982617947609186,0.0,98.0,-0.04470283839768369,c1e84f2,42.0,2026-09-07T15:42:08+00:00
PARSE_0029.nii.gz,GT_minus_drift_pos,0.989275210945724,0.8678847431180087,0.9998392181256524,0.68359375,14.0,0.09106590072538541,c1e84f2,42.0,2026-09-07T15:42:08+00:00
PARSE_0029.nii.gz,GT_minus_omission,0.8745189386266964,0.9164359592037297,0.9463350471602009,0.0,32.0,-0.08196701113489704,c1e84f2,42.0,2026-09-07T15:42:08+00:00
PARSE_0030.nii.gz,GT_minus_drift_neg,0.9520450370834337,0.902364468197093,0.9962380393268283,0.0,183.0,-0.03745031240658141,c1e84f2,42.0,2026-09-07T15:42:08+00:00
PARSE_0030.nii.gz,GT_minus_drift_pos,0.9844922303103992,0.8906499012170188,0.9995397433207989,0.0,42.0,0.061196764349836175,c1e84f2,42.0,2026-09-07T15:42:08+00:00
PARSE_0030.nii.gz,GT_minus_omission,0.8607626588872682,0.9199248653246385,0.9392047065494755,0.0,17.0,-0.06436078742441419,c1e84f2,42.0,2026-09-07T15:42:08+00:00
PARSE_0031.nii.gz,GT_minus_drift_neg,0.9756932058609169,0.8981737566257398,0.9985147889563017,0.0,40.0,-0.044706444606594384,c1e84f2,42.0,2026-09-07T15:42:08+00:00
PARSE_0031.nii.gz,GT_minus_drift_pos,0.9950247779985556,0.898740984306433,0.9998399034494649,0.0,7.0,0.054503714513699536,c1e84f2,42.0,2026-09-07T15:42:08+00:00
PARSE_0031.nii.gz,GT_minus_omission,0.8732837778749453,0.9161296827593792,0.9417032549016013,0.0,9.0,-0.07519916706137375,c1e84f2,42.0,2026-09-07T15:42:08+00:00
PARSE_0032.nii.gz,GT_minus_drift_neg,0.9829615117645274,0.8815117734724293,0.9991701937406855,0.0,64.0,-0.05322680618151639,c1e84f2,42.0,2026-09-07T15:42:08+00:00
PARSE_0032.nii.gz,GT_minus_drift_pos,0.9931395123075144,0.8773400879261654,0.9999753645486897,0.6484375,9.0,0.06956307058737013,c1e84f2,42.0,2026-09-07T15:42:08+00:00
PARSE_0032.nii.gz,GT_minus_omission,0.9009177165966713,0.9240566812500933,0.9556748443356079,0.0,31.0,-0.07606080662275311,c1e84f2,42.0,2026-09-07T15:42:08+00:00
PARSE_0033.nii.gz,GT_minus_drift_neg,0.9722737302809805,0.896009701411384,0.9985138123185516,0.0,84.0,-0.044087939722547556,c1e84f2,42.0,2026-09-07T15:42:08+00:00
PARSE_0033.nii.gz,GT_minus_drift_pos,0.9923795295738145,0.8963287838144468,0.9997762022137331,0.0,21.0,0.052260883162970596,c1e84f2,42.0,2026-09-07T15:42:08+00:00
PARSE_0033.nii.gz,GT_minus_omission,0.9112963423737248,0.9400705052878966,0.9634909938130086,0.0,16.0,-0.05304594528180858,c1e84f2,42.0,2026-09-07T15:42:08+00:00
PARSE_0034.nii.gz,GT_minus_drift_neg,0.9620439443875873,0.8862416268434656,0.9972300878281557,0.0,118.0,-0.04835685641372845,c1e84f2,42.0,2026-09-07T15:42:08+00:00
PARSE_0034.nii.gz,GT_minus_drift_pos,0.9891471351963523,0.8844809624090813,0.9995603401310696,0.0,23.0,0.06330399458361544,c1e84f2,42.0,2026-09-07T15:42:08+00:00
PARSE_0034.nii.gz,GT_minus_omission,0.8818467263635307,0.9186410689952843,0.9439355349613681,0.0,17.0,-0.07115840320816624,c1e84f2,42.0,2026-09-07T15:42:08+00:00
PARSE_0035.nii.gz,GT_minus_drift_neg,0.9663282700774943,0.8827596803933621,0.9984077951804675,0.0,106.0,-0.04395244407037632,c1e84f2,42.0,2026-09-07T15:42:08+00:00
PARSE_0035.nii.gz,GT_minus_drift_pos,0.9885161916908823,0.8798964290851732,0.9998809529714634,0.0,18.0,0.06669220185566907,c1e84f2,42.0,2026-09-07T15:42:08+00:00
PARSE_0035.nii.gz,GT_minus_omission,0.9050019018638266,0.9356178950022472,0.957444009603052,0.0,11.0,-0.056415968228849055,c1e84f2,42.0,2026-09-07T15:42:08+00:00
PARSE_0036.nii.gz,GT_minus_drift_neg,0.9590515767079533,0.9004550833912863,0.9970067794817987,0.0,116.0,-0.043428403530751246,c1e84f2,42.0,2026-09-07T15:42:08+00:00
PARSE_0036.nii.gz,GT_minus_drift_pos,0.9866799842320625,0.892554140490064,0.9993774555393171,0.0,28.0,0.06337151648459276,c1e84f2,42.0,2026-09-07T15:42:08+00:00
PARSE_0036.nii.gz,GT_minus_omission,0.898361042329914,0.9282537537220451,0.9538022934133001,0.0,21.0,-0.06595469440556301,c1e84f2,42.0,2026-09-07T15:42:08+00:00
PARSE_0037.nii.gz,GT_minus_drift_neg,0.9785292961069603,0.8900317706760973,0.9992955822946766,0.0,48.0,-0.03036297238975267,c1e84f2,42.0,2026-09-07T15:42:08+00:00
PARSE_0037.nii.gz,GT_minus_drift_pos,0.9931622986154917,0.8943311716860849,0.9999072598373269,0.0,11.0,0.04087035909920876,c1e84f2,42.0,2026-09-07T15:42:08+00:00
PARSE_0037.nii.gz,GT_minus_omission,0.9082044384667115,0.9358591216771514,0.9653669142148439,0.0,11.0,-0.04366734908426935,c1e84f2,42.0,2026-09-07T15:42:08+00:00
PARSE_0038.nii.gz,GT_minus_drift_neg,0.9571593148074377,0.8883929928148132,0.9973473419150368,0.0,80.0,-0.030957560160268523,c1e84f2,42.0,2026-09-07T15:42:08+00:00
PARSE_0038.nii.gz,GT_minus_drift_pos,0.9812813953452896,0.8682045569620254,0.9996192405063291,0.0,24.0,0.06308275207058896,c1e84f2,42.0,2026-09-07T15:42:08+00:00
PARSE_0038.nii.gz,GT_minus_omission,0.8626235797550539,0.9259159911435625,0.9506212690893054,0.0,13.0,-0.05293831295935075,c1e84f2,42.0,2026-09-07T15:42:08+00:00
PARSE_0039.nii.gz,GT_minus_drift_neg,0.9555491382423054,0.8739097892456175,0.9940673626157179,0.0,186.0,-0.039817571073545076,c1e84f2,42.0,2026-09-07T15:42:08+00:00
PARSE_0039.nii.gz,GT_minus_drift_pos,0.9823187668076561,0.8543816946067562,0.9992993911203242,0.5859375,36.0,0.09566594751071907,c1e84f2,42.0,2026-09-07T15:42:08+00:00
PARSE_0039.nii.gz,GT_minus_omission,0.881344995698308,0.9029047107049257,0.9287598279685505,0.0,10.0,-0.08659131785002282,c1e84f2,42.0,2026-09-07T15:42:08+00:00
PARSE_0040.nii.gz,GT_minus_drift_neg,0.9285210269463857,0.8725121515889676,0.9908961305748571,0.65234375,307.0,-0.05679801206957757,c1e84f2,42.0,2026-09-07T15:42:08+00:00
PARSE_0040.nii.gz,GT_minus_drift_pos,0.9723701684864464,0.8587020758546395,0.9988045346634292,0.65234375,71.0,0.09946831636173632,c1e84f2,42.0,2026-09-07T15:42:08+00:00
PARSE_0040.nii.gz,GT_minus_omission,0.8937382079669645,0.9283918629220068,0.9456846959391724,0.0,4.0,-0.07068241375596798,c1e84f2,42.0,2026-09-07T15:42:08+00:00
PARSE_0041.nii.gz,GT_minus_drift_neg,0.9679683666777479,0.9012294137970748,0.9973619428768858,0.0,93.0,-0.04107970589277767,c1e84f2,42.0,2026-09-07T15:42:08+00:00
PARSE_0041.nii.gz,GT_minus_drift_pos,0.991438442210396,0.8857704012548431,0.999671542143154,0.0,17.0,0.07592912756329724,c1e84f2,42.0,2026-09-07T15:42:08+00:00
PARSE_0041.nii.gz,GT_minus_omission,0.8701116534814565,0.9094203724386297,0.9390893412045374,0.0,17.0,-0.08974838630912764,c1e84f2,42.0,2026-09-07T15:42:08+00:00
PARSE_0042.nii.gz,GT_minus_drift_neg,0.9616945606994547,0.8865171017211987,0.9979977106691917,0.0,99.0,-0.04180864960653361,c1e84f2,42.0,2026-09-07T15:42:08+00:00
PARSE_0042.nii.gz,GT_minus_drift_pos,0.9852689857993309,0.8620815857233082,0.9997441336982397,0.609375,34.0,0.0835717712816813,c1e84f2,42.0,2026-09-07T15:42:08+00:00
PARSE_0042.nii.gz,GT_minus_omission,0.8843102562639119,0.9250192422037157,0.9507363106767784,0.0,21.0,-0.06885224084976133,c1e84f2,42.0,2026-09-07T15:42:08+00:00
PARSE_0043.nii.gz,GT_minus_drift_neg,0.9653624737656719,0.8780814801159692,0.997829766553267,0.0,87.0,-0.04577235384786512,c1e84f2,42.0,2026-09-07T15:42:08+00:00
PARSE_0043.nii.gz,GT_minus_drift_pos,0.9857440948491204,0.8649827070298838,0.9997318618116815,0.0,17.0,0.07392620489107117,c1e84f2,42.0,2026-09-07T15:42:08+00:00
PARSE_0043.nii.gz,GT_minus_omission,0.8774291011467418,0.9210715412387396,0.9440744505590802,0.0,12.0,-0.06891277748645341,c1e84f2,42.0,2026-09-07T15:42:08+00:00
PARSE_0044.nii.gz,GT_minus_drift_neg,0.9649525413245623,0.8846207212332283,0.9980297206920953,0.0,101.0,-0.04564052325246355,c1e84f2,42.0,2026-09-07T15:42:08+00:00
PARSE_0044.nii.gz,GT_minus_drift_pos,0.9831122260991967,0.8783196118409167,0.9996160993109144,0.0,22.0,0.06469902738559455,c1e84f2,42.0,2026-09-07T15:42:08+00:00
PARSE_0044.nii.gz,GT_minus_omission,0.8877437489020319,0.9301421586414276,0.9533035627678722,0.0,18.0,-0.059932000230507695,c1e84f2,42.0,2026-09-07T15:42:08+00:00
PARSE_0045.nii.gz,GT_minus_drift_neg,0.9485867479527101,0.8861322045414896,0.9961037092810073,0.0,142.0,-0.04365269111901569,c1e84f2,42.0,2026-09-07T15:42:08+00:00
PARSE_0045.nii.gz,GT_minus_drift_pos,0.9804230911767057,0.8694803776699387,0.9994951543324551,0.0,44.0,0.07552043850953408,c1e84f2,42.0,2026-09-07T15:42:08+00:00
PARSE_0045.nii.gz,GT_minus_omission,0.9179452320838999,0.950405765333683,0.9687659050955633,0.0,10.0,-0.04346609131727797,c1e84f2,42.0,2026-09-07T15:42:08+00:00
PARSE_0046.nii.gz,GT_minus_drift_neg,0.9567398104161117,0.9101543074719255,0.9966154782492522,0.0,74.0,-0.03800956664524881,c1e84f2,42.0,2026-09-07T15:42:08+00:00
PARSE_0046.nii.gz,GT_minus_drift_pos,0.9865418930844246,0.8957312806158153,0.9996189262033272,0.0,17.0,0.06501749125437281,c1e84f2,42.0,2026-09-07T15:42:08+00:00
PARSE_0046.nii.gz,GT_minus_omission,0.8635479812421366,0.9155777327303914,0.9362232964291284,0.0,5.0,-0.07382737202827158,c1e84f2,42.0,2026-09-07T15:42:08+00:00
PARSE_0047.nii.gz,GT_minus_drift_neg,0.9697198458132184,0.8856989669640464,0.9987126015423844,0.0,75.0,-0.03891568224413679,c1e84f2,42.0,2026-09-07T15:42:08+00:00
PARSE_0047.nii.gz,GT_minus_drift_pos,0.9899245940978693,0.8765068951314909,0.9998276582258144,0.0,16.0,0.05695920744988576,c1e84f2,42.0,2026-09-07T15:42:08+00:00
PARSE_0047.nii.gz,GT_minus_omission,0.8223783570818833,0.8993632861619528,0.9275496829737264,0.0,21.0,-0.07869248426390255,c1e84f2,42.0,2026-09-07T15:42:08+00:00
PARSE_0048.nii.gz,GT_minus_drift_neg,0.956954656959124,0.8876025904573487,0.9967503361721202,0.0,99.0,-0.04004410781105949,c1e84f2,42.0,2026-09-07T15:42:08+00:00
PARSE_0048.nii.gz,GT_minus_drift_pos,0.9853508739612771,0.8798687247547605,0.9996357472590883,0.0,27.0,0.06894918563242286,c1e84f2,42.0,2026-09-07T15:42:08+00:00
PARSE_0048.nii.gz,GT_minus_omission,0.9141145139813581,0.9461696572412643,0.9659026879459077,0.0,18.0,-0.04645058659773315,c1e84f2,42.0,2026-09-07T15:42:08+00:00
PARSE_0049.nii.gz,GT_minus_drift_neg,0.9501512023569932,0.8931600987866424,0.9950129448679862,0.0,209.0,-0.04758724697162013,c1e84f2,42.0,2026-09-07T15:42:08+00:00
PARSE_0049.nii.gz,GT_minus_drift_pos,0.9818815049296242,0.8824207513755096,0.9994472506172974,0.71875,53.0,0.08718726643108915,c1e84f2,42.0,2026-09-07T15:42:08+00:00
PARSE_0049.nii.gz,GT_minus_omission,0.8991501194532565,0.9236467094676422,0.9426914845966257,0.0,8.0,-0.0781253455161403,c1e84f2,42.0,2026-09-07T15:42:08+00:00
PARSE_0050.nii.gz,GT_minus_drift_neg,0.9757498444299204,0.9049452892761889,0.9988563474836462,0.0,100.0,-0.04078666376116801,c1e84f2,42.0,2026-09-07T15:42:08+00:00
PARSE_0050.nii.gz,GT_minus_drift_pos,0.9922063523295743,0.8929117085060295,0.9998464183563972,0.0,30.0,0.06138374373501852,c1e84f2,42.0,2026-09-07T15:42:08+00:00
PARSE_0050.nii.gz,GT_minus_omission,0.9014471780028943,0.930301848289115,0.9578708203036334,0.0,34.0,-0.06508389627369797,c1e84f2,42.0,2026-09-07T15:42:08+00:00
PARSE_0051.nii.gz,GT_minus_drift_neg,0.9624775618861157,0.8874436091953495,0.997214644717822,0.0,168.0,-0.05693335017207085,c1e84f2,42.0,2026-09-07T15:42:08+00:00
PARSE_0051.nii.gz,GT_minus_drift_pos,0.9875493439706132,0.8754130823879864,0.9997926654339427,0.6328125,27.0,0.08827445037308328,c1e84f2,42.0,2026-09-07T15:42:08+00:00
PARSE_0051.nii.gz,GT_minus_omission,0.8753187973705953,0.9098035432168743,0.9399438005764662,0.0,37.0,-0.0950994011723971,c1e84f2,42.0,2026-09-07T15:42:08+00:00
PARSE_0052.nii.gz,GT_minus_drift_neg,0.9652037816697118,0.9056893157907757,0.9973813385918598,0.0,128.0,-0.041657430804923824,c1e84f2,42.0,2026-09-07T15:42:08+00:00
PARSE_0052.nii.gz,GT_minus_drift_pos,0.9900197967391571,0.8928676061530764,0.999700444066982,0.0,27.0,0.06859289799175422,c1e84f2,42.0,2026-09-07T15:42:08+00:00
PARSE_0052.nii.gz,GT_minus_omission,0.8295095769311724,0.8872411128578552,0.9166041772137444,0.734375,23.0,-0.1064562367927177,c1e84f2,42.0,2026-09-07T15:42:08+00:00
PARSE_0053.nii.gz,GT_minus_drift_neg,0.9734059799407878,0.8902161951421872,0.9984232369926654,0.703125,103.0,-0.049717961223118896,c1e84f2,42.0,2026-09-07T15:42:08+00:00
PARSE_0053.nii.gz,GT_minus_drift_pos,0.9893022128132233,0.8743380597134881,0.9997642465623755,0.703125,21.0,0.09021099997239425,c1e84f2,42.0,2026-09-07T15:42:08+00:00
PARSE_0053.nii.gz,GT_minus_omission,0.9194441613155302,0.9363079874605671,0.9601012648213526,0.0,29.0,-0.0704682855907171,c1e84f2,42.0,2026-09-07T15:42:08+00:00
PARSE_0054.nii.gz,GT_minus_drift_neg,0.9507819914206099,0.8815931264210414,0.9957184582983039,0.0,199.0,-0.03452284139316842,c1e84f2,42.0,2026-09-07T15:42:08+00:00
PARSE_0054.nii.gz,GT_minus_drift_pos,0.9817423789151978,0.86344462109168,0.9995521992580816,0.0,44.0,0.0702981917465066,c1e84f2,42.0,2026-09-07T15:42:08+00:00
PARSE_0054.nii.gz,GT_minus_omission,0.8799063597346859,0.9234236005456564,0.9440792956072241,0.0,10.0,-0.05456523746984179,c1e84f2,42.0,2026-09-07T15:42:08+00:00
PARSE_0055.nii.gz,GT_minus_drift_neg,0.9518517892280943,0.8867073758137946,0.9956587268291925,0.0,155.0,-0.04074873394730657,c1e84f2,42.0,2026-09-07T15:42:08+00:00
PARSE_0055.nii.gz,GT_minus_drift_pos,0.9793258685286804,0.8605525603021716,0.999545264641768,0.64453125,38.0,0.09035296847002225,c1e84f2,42.0,2026-09-07T15:42:08+00:00
PARSE_0055.nii.gz,GT_minus_omission,0.8641779851679027,0.9070598954649965,0.934512668866134,0.0,20.0,-0.08337784995405885,c1e84f2,42.0,2026-09-07T15:42:08+00:00
PARSE_0056.nii.gz,GT_minus_drift_neg,0.9673152777675856,0.8747244216151437,0.998253257006757,0.60546875,191.0,-0.05733453196988426,c1e84f2,42.0,2026-09-07T15:42:08+00:00
PARSE_0056.nii.gz,GT_minus_drift_pos,0.9868270504225902,0.862583159687368,0.9998252002409121,0.60546875,45.0,0.09906731093381278,c1e84f2,42.0,2026-09-07T15:42:08+00:00
PARSE_0056.nii.gz,GT_minus_omission,0.8883903878065269,0.9203655454930705,0.946980992889991,0.0,36.0,-0.08771996853579053,c1e84f2,42.0,2026-09-07T15:42:08+00:00
PARSE_0057.nii.gz,GT_minus_drift_neg,0.9583851716739288,0.881065813411863,0.9967507415246738,0.0,114.0,-0.04671785811361783,c1e84f2,42.0,2026-09-07T15:42:08+00:00
PARSE_0057.nii.gz,GT_minus_drift_pos,0.9844510040895605,0.8731779285925052,0.9996557489918363,0.0,22.0,0.0707631149768959,c1e84f2,42.0,2026-09-07T15:42:08+00:00
PARSE_0057.nii.gz,GT_minus_omission,0.852975047984645,0.9053801946674774,0.933716962646817,0.0,19.0,-0.08252921989671107,c1e84f2,42.0,2026-09-07T15:42:08+00:00
PARSE_0058.nii.gz,GT_minus_drift_neg,0.9552043399795451,0.8948655835263287,0.9963678417940732,0.0,234.0,-0.044182832846133405,c1e84f2,42.0,2026-09-07T15:42:08+00:00
PARSE_0058.nii.gz,GT_minus_drift_pos,0.985358539219115,0.8887769302203982,0.9995560990089842,0.0,45.0,0.06112676056338028,c1e84f2,42.0,2026-09-07T15:42:08+00:00
PARSE_0058.nii.gz,GT_minus_omission,0.9172036202465641,0.9391404184606088,0.9560994032781932,0.0,8.0,-0.0504889715652405,c1e84f2,42.0,2026-09-07T15:42:08+00:00
PARSE_0059.nii.gz,GT_minus_drift_neg,0.9204170294877387,0.874395272175689,0.9891052655547732,0.59375,418.0,-0.05573416140312406,c1e84f2,42.0,2026-09-07T15:42:08+00:00
PARSE_0059.nii.gz,GT_minus_drift_pos,0.9685635488062958,0.852275766831095,0.9986781455470611,0.59375,109.0,0.12511111198129796,c1e84f2,42.0,2026-09-07T15:42:08+00:00
PARSE_0059.nii.gz,GT_minus_omission,0.8327444051825676,0.8818537416247748,0.902911450600303,3.5044614422190468,13.0,-0.12049825157710486,c1e84f2,42.0,2026-09-07T15:42:08+00:00
PARSE_0060.nii.gz,GT_minus_drift_neg,0.9557037521978583,0.8868898847208306,0.9956582216692541,0.63671875,151.0,-0.04708006189466445,c1e84f2,42.0,2026-09-07T15:42:08+00:00
PARSE_0060.nii.gz,GT_minus_drift_pos,0.9818662670113261,0.8595984511015987,0.999528101394611,0.63671875,38.0,0.10292853458650926,c1e84f2,42.0,2026-09-07T15:42:08+00:00
PARSE_0060.nii.gz,GT_minus_omission,0.8617453706026998,0.9036374297619186,0.9269562786146157,0.63671875,21.0,-0.09886772062254898,c1e84f2,42.0,2026-09-07T15:42:08+00:00
PARSE_0061.nii.gz,GT_minus_drift_neg,0.9568770831236574,0.885374918869204,0.997587177405037,0.0,123.0,-0.03638653623443646,c1e84f2,42.0,2026-09-07T15:42:08+00:00
PARSE_0061.nii.gz,GT_minus_drift_pos,0.986172294962811,0.8691152575273449,0.999746453069281,0.0,33.0,0.06912534622712499,c1e84f2,42.0,2026-09-07T15:42:08+00:00
PARSE_0061.nii.gz,GT_minus_omission,0.9181156803054539,0.945945622660016,0.9678323225798734,0.0,20.0,-0.045790038265101904,c1e84f2,42.0,2026-09-07T15:42:08+00:00
PARSE_0062.nii.gz,GT_minus_drift_neg,0.9509403842563583,0.896209877289488,0.9946351931330472,0.0,108.0,-0.044424819233407714,c1e84f2,42.0,2026-09-07T15:42:08+00:00
PARSE_0062.nii.gz,GT_minus_drift_pos,0.9899014350398967,0.8910639967490156,0.9994394854476409,0.0,14.0,0.07496392553283762,c1e84f2,42.0,2026-09-07T15:42:08+00:00
PARSE_0062.nii.gz,GT_minus_omission,0.8268000000000001,0.89563607254615,0.9164328511477848,0.921875,3.0,-0.09779137524542465,c1e84f2,42.0,2026-09-07T15:42:08+00:00
PARSE_0063.nii.gz,GT_minus_drift_neg,0.978486709913965,0.9036776008340429,0.9984516252314835,0.0,76.0,-0.04655594516840988,c1e84f2,42.0,2026-09-07T15:42:08+00:00
PARSE_0063.nii.gz,GT_minus_drift_pos,0.9933198554890775,0.8933677229182019,0.9998499842088641,0.0,18.0,0.0751003895012174,c1e84f2,42.0,2026-09-07T15:42:08+00:00
PARSE_0063.nii.gz,GT_minus_omission,0.9029716792979656,0.9232433066135202,0.9540673222057767,0.0,31.0,-0.08321862639699652,c1e84f2,42.0,2026-09-07T15:42:08+00:00
PARSE_0064.nii.gz,GT_minus_drift_neg,0.9616271941227941,0.9006913986820883,0.9930431642125431,0.796875,317.0,-0.052792768800570225,c1e84f2,42.0,2026-09-07T15:42:08+00:00
PARSE_0064.nii.gz,GT_minus_drift_pos,0.9848627847707688,0.8784741053008236,0.9984009750697477,0.796875,91.0,0.1028009931933359,c1e84f2,42.0,2026-09-07T15:42:08+00:00
PARSE_0064.nii.gz,GT_minus_omission,0.9379147778785132,0.9310053896136604,0.9519531053241324,0.0,11.0,-0.08130008067737665,c1e84f2,42.0,2026-09-07T15:42:08+00:00
PARSE_0065.nii.gz,GT_minus_drift_neg,0.9541942340601278,0.8851339610679315,0.9974874961842816,0.0,105.0,-0.04622818668987313,c1e84f2,42.0,2026-09-07T15:42:08+00:00
PARSE_0065.nii.gz,GT_minus_drift_pos,0.9817638770960943,0.8691691643792115,0.9996302370398082,0.0,29.0,0.07221178949296936,c1e84f2,42.0,2026-09-07T15:42:08+00:00
PARSE_0065.nii.gz,GT_minus_omission,0.8671742183457757,0.9207815345050134,0.9456498800017669,0.0,14.0,-0.07103467228507306,c1e84f2,42.0,2026-09-07T15:42:08+00:00
PARSE_0066.nii.gz,GT_minus_drift_neg,0.9712830930511125,0.8929633054794068,0.9986829936915811,0.0,64.0,-0.03526514243368715,c1e84f2,42.0,2026-09-07T15:42:08+00:00
PARSE_0066.nii.gz,GT_minus_drift_pos,0.991202556475615,0.89530481025649,0.9997745313751254,0.0,15.0,0.04081988498195643,c1e84f2,42.0,2026-09-07T15:42:08+00:00
PARSE_0066.nii.gz,GT_minus_omission,0.8783951973058057,0.9315094339622642,0.9540222984562607,0.0,17.0,-0.0472993800732952,c1e84f2,42.0,2026-09-07T15:42:08+00:00
PARSE_0067.nii.gz,GT_minus_drift_neg,0.967130258686165,0.9008105392430501,0.9981467009043207,0.0,67.0,-0.03151328918912148,c1e84f2,42.0,2026-09-07T15:42:08+00:00
PARSE_0067.nii.gz,GT_minus_drift_pos,0.9892786832540889,0.888834735258775,0.9995966488239793,0.0,13.0,0.06322698085321354,c1e84f2,42.0,2026-09-07T15:42:08+00:00
PARSE_0067.nii.gz,GT_minus_omission,0.8475957620211898,0.9142469251838244,0.9394530601007296,0.0,11.0,-0.07277114872368674,c1e84f2,42.0,2026-09-07T15:42:08+00:00
PARSE_0068.nii.gz,GT_minus_drift_neg,0.9508942431201229,0.8835439285581946,0.9959461963167451,0.0,155.0,-0.045217334342610924,c1e84f2,42.0,2026-09-07T15:42:08+00:00
PARSE_0068.nii.gz,GT_minus_drift_pos,0.9817380417615512,0.8695824831911485,0.9993016281649253,0.640625,25.0,0.07904026435309189,c1e84f2,42.0,2026-09-07T15:42:08+00:00
PARSE_0068.nii.gz,GT_minus_omission,0.8536305523684642,0.9148670466260771,0.9396097959501255,0.0,13.0,-0.07616163968790031,c1e84f2,42.0,2026-09-07T15:42:08+00:00
PARSE_0069.nii.gz,GT_minus_drift_neg,0.9634767395778572,0.9031633636019156,0.9973520697227435,0.0,78.0,-0.035505420586671596,c1e84f2,42.0,2026-09-07T15:42:08+00:00
PARSE_0069.nii.gz,GT_minus_drift_pos,0.9895174651678524,0.8824270372979782,0.9994278272379854,0.0,19.0,0.07204179283881557,c1e84f2,42.0,2026-09-07T15:42:08+00:00
PARSE_0069.nii.gz,GT_minus_omission,0.8468593448940269,0.9073415319985093,0.9352963667426519,0.0,15.0,-0.08447331314578951,c1e84f2,42.0,2026-09-07T15:42:08+00:00
PARSE_0070.nii.gz,GT_minus_drift_neg,0.9505284612806552,0.8884926614360996,0.9950283178048027,0.0,213.0,-0.04314740086467632,c1e84f2,42.0,2026-09-07T15:42:08+00:00
PARSE_0070.nii.gz,GT_minus_drift_pos,0.9791179090657154,0.8707532268936308,0.9992177989718206,0.6796875,60.0,0.0799210216902301,c1e84f2,42.0,2026-09-07T15:42:08+00:00
PARSE_0070.nii.gz,GT_minus_omission,0.85978473943115,0.9051657626991305,0.9389280110498834,0.0,33.0,-0.08197665740539493,c1e84f2,42.0,2026-09-07T15:42:08+00:00
PARSE_0071.nii.gz,GT_minus_drift_neg,0.9642319917741388,0.8871260793197138,0.997602071487824,0.0,93.0,-0.04831714117040844,c1e84f2,42.0,2026-09-07T15:42:08+00:00
PARSE_0071.nii.gz,GT_minus_drift_pos,0.9871769685191308,0.8702318077397735,0.9996642720142747,0.646484375,17.0,0.07817282787850247,c1e84f2,42.0,2026-09-07T15:42:08+00:00
PARSE_0071.nii.gz,GT_minus_omission,0.8784724219244263,0.914410948848437,0.9428171121635833,0.0,29.0,-0.08024419624423719,c1e84f2,42.0,2026-09-07T15:42:08+00:00
PARSE_0072.nii.gz,GT_minus_drift_neg,0.9589504909964117,0.8780882295725251,0.996979162613872,0.0,155.0,-0.03818470984206827,c1e84f2,42.0,2026-09-07T15:42:08+00:00
PARSE_0072.nii.gz,GT_minus_drift_pos,0.9865049891205248,0.86324984300524,0.9996242420498883,0.0,28.0,0.0759748985957515,c1e84f2,42.0,2026-09-07T15:42:08+00:00
PARSE_0072.nii.gz,GT_minus_omission,0.847385666159029,0.8981248067730505,0.9300458988323147,0.0,23.0,-0.08122696058487751,c1e84f2,42.0,2026-09-07T15:42:08+00:00
PARSE_0073.nii.gz,GT_minus_drift_neg,0.965077122143364,0.8757857610148762,0.9981262621952954,0.0,73.0,-0.037483053748716195,c1e84f2,42.0,2026-09-07T15:42:08+00:00
PARSE_0073.nii.gz,GT_minus_drift_pos,0.9867335739348896,0.8757796345174251,0.999734377889481,0.0,16.0,0.04524751797329682,c1e84f2,42.0,2026-09-07T15:42:08+00:00
PARSE_0073.nii.gz,GT_minus_omission,0.863751987281399,0.9280157659993776,0.9569694904203773,0.0,18.0,-0.05053337897980144,c1e84f2,42.0,2026-09-07T15:42:08+00:00
PARSE_0074.nii.gz,GT_minus_drift_neg,0.9586247476470712,0.8910473671158139,0.9976440439778458,0.0,130.0,-0.03603534428785749,c1e84f2,42.0,2026-09-07T15:42:08+00:00
PARSE_0074.nii.gz,GT_minus_drift_pos,0.9830559088778381,0.86742802297612,0.9996849763143406,0.0,26.0,0.07715024866218563,c1e84f2,42.0,2026-09-07T15:42:08+00:00
PARSE_0074.nii.gz,GT_minus_omission,0.8363941651799769,0.9030667126707393,0.9345558239126464,0.0,27.0,-0.08152693938785395,c1e84f2,42.0,2026-09-07T15:42:08+00:00
PARSE_0075.nii.gz,GT_minus_drift_neg,0.9475420544314517,0.8820245717567621,0.9954509127043215,0.0,163.0,-0.04410290496218973,c1e84f2,42.0,2026-09-07T15:42:08+00:00
PARSE_0075.nii.gz,GT_minus_drift_pos,0.9771995312140082,0.8756592589253516,0.9993266543454742,0.0,56.0,0.06590918996665722,c1e84f2,42.0,2026-09-07T15:42:08+00:00
PARSE_0075.nii.gz,GT_minus_omission,0.889676522051236,0.9266949472571184,0.9511656302711412,0.0,14.0,-0.05931690892845468,c1e84f2,42.0,2026-09-07T15:42:08+00:00
PARSE_0076.nii.gz,GT_minus_drift_neg,0.959318371456272,0.8795339136742837,0.9977071350847194,0.0,110.0,-0.04057521461709046,c1e84f2,42.0,2026-09-07T15:42:08+00:00
PARSE_0076.nii.gz,GT_minus_drift_pos,0.9860510054333969,0.8712439735819971,0.9998518899149123,0.0,17.0,0.059907758866985024,c1e84f2,42.0,2026-09-07T15:42:08+00:00
PARSE_0076.nii.gz,GT_minus_omission,0.9247977972810187,0.9500642234248751,0.9684364155073981,0.0,11.0,-0.03897527992054746,c1e84f2,42.0,2026-09-07T15:42:08+00:00
PARSE_0077.nii.gz,GT_minus_drift_neg,0.9609942224653947,0.8837401796231381,0.9975557387081142,0.0,107.0,-0.049592266583884936,c1e84f2,42.0,2026-09-07T15:42:08+00:00
PARSE_0077.nii.gz,GT_minus_drift_pos,0.9842577721560151,0.8721829614378721,0.9996988612372221,0.0,32.0,0.06556780591689114,c1e84f2,42.0,2026-09-07T15:42:08+00:00
PARSE_0077.nii.gz,GT_minus_omission,0.8949099626470425,0.9293916782135323,0.9521575882101322,0.0,17.0,-0.06200285062904103,c1e84f2,42.0,2026-09-07T15:42:08+00:00
PARSE_0078.nii.gz,GT_minus_drift_neg,0.9539041910953725,0.8995204718588535,0.9962720936760002,0.0,171.0,-0.04197403785669354,c1e84f2,42.0,2026-09-07T15:42:08+00:00
PARSE_0078.nii.gz,GT_minus_drift_pos,0.9849356491635174,0.8821421026175265,0.9995119001653712,0.7109375,37.0,0.08190982689181352,c1e84f2,42.0,2026-09-07T15:42:08+00:00
PARSE_0078.nii.gz,GT_minus_omission,0.7967078189300412,0.8624885516158577,0.893911640280867,3.1794091555075137,23.0,-0.1255177315393476,c1e84f2,42.0,2026-09-07T15:42:08+00:00
PARSE_0079.nii.gz,GT_minus_drift_neg,0.9680773134188039,0.8925973721257625,0.9980242950386076,0.0,113.0,-0.049783517711244334,c1e84f2,42.0,2026-09-07T15:42:08+00:00
PARSE_0079.nii.gz,GT_minus_drift_pos,0.988291790161087,0.8736924084902278,0.999836821480227,0.6328125,23.0,0.08412433580981564,c1e84f2,42.0,2026-09-07T15:42:08+00:00
PARSE_0079.nii.gz,GT_minus_omission,0.8736255890332715,0.9115414381466198,0.9443449495556258,0.0,33.0,-0.08915336310643934,c1e84f2,42.0,2026-09-07T15:42:08+00:00
PARSE_0080.nii.gz,GT_minus_drift_neg,0.9453907908028062,0.8913980047714153,0.9950492830425492,0.0,180.0,-0.054160260559961156,c1e84f2,42.0,2026-09-07T15:42:08+00:00
PARSE_0080.nii.gz,GT_minus_drift_pos,0.9855030456304192,0.893248896915937,0.9997439473263071,0.0,51.0,0.06957031882181583,c1e84f2,42.0,2026-09-07T15:42:08+00:00
PARSE_0080.nii.gz,GT_minus_omission,0.8510051694428489,0.9007556727900111,0.9291943510705801,0.0,9.0,-0.09102909046771322,c1e84f2,42.0,2026-09-07T15:42:08+00:00
PARSE_0081.nii.gz,GT_minus_drift_neg,0.9465395098993772,0.8876273783490278,0.9951860281757189,0.0,222.0,-0.046046918561756085,c1e84f2,42.0,2026-09-07T15:42:08+00:00
PARSE_0081.nii.gz,GT_minus_drift_pos,0.9778953197140172,0.861463929523526,0.9994776513254936,0.64453125,40.0,0.10378103800625493,c1e84f2,42.0,2026-09-07T15:42:08+00:00
PARSE_0081.nii.gz,GT_minus_omission,0.8391211383912114,0.8891191181299152,0.9213986745171295,0.911504835123284,16.0,-0.10955281766007874,c1e84f2,42.0,2026-09-07T15:42:08+00:00
PARSE_0082.nii.gz,GT_minus_drift_neg,0.9757047193233146,0.9111128697349629,0.9988091604204116,0.0,52.0,-0.02536897172949002,c1e84f2,42.0,2026-09-07T15:42:08+00:00
PARSE_0082.nii.gz,GT_minus_drift_pos,0.992264415201101,0.8899308772179861,0.9998361006199672,0.0,18.0,0.04911539172209904,c1e84f2,42.0,2026-09-07T15:42:08+00:00
PARSE_0082.nii.gz,GT_minus_omission,0.9175034759771358,0.9523099735870623,0.9716524304536538,0.0,13.0,-0.03321322985957132,c1e84f2,42.0,2026-09-07T15:42:08+00:00
PARSE_0083.nii.gz,GT_minus_drift_neg,0.9847059316343714,0.9066721998158499,0.9993671460621701,0.0,51.0,-0.040315985990464875,c1e84f2,42.0,2026-09-07T15:42:08+00:00
PARSE_0083.nii.gz,GT_minus_drift_pos,0.9949062888563955,0.8963183991846974,0.9999510034493572,0.0,10.0,0.05598413898446299,c1e84f2,42.0,2026-09-07T15:42:08+00:00
PARSE_0083.nii.gz,GT_minus_omission,0.9307050963502843,0.9444110624857093,0.971304218357005,0.0,33.0,-0.0496865340800971,c1e84f2,42.0,2026-09-07T15:42:08+00:00
PARSE_0084.nii.gz,GT_minus_drift_neg,0.9780028023164776,0.892706123429491,0.9988885962449603,0.0,50.0,-0.039661182355536465,c1e84f2,42.0,2026-09-07T15:42:08+00:00
PARSE_0084.nii.gz,GT_minus_drift_pos,0.990920209809074,0.8697872432796173,0.9998941778842632,0.0,13.0,0.078074735061315,c1e84f2,42.0,2026-09-07T15:42:08+00:00
PARSE_0084.nii.gz,GT_minus_omission,0.916932093260288,0.9368023309564496,0.9625007082934453,0.0,15.0,-0.05851879771745133,c1e84f2,42.0,2026-09-07T15:42:08+00:00
PARSE_0085.nii.gz,GT_minus_drift_neg,0.9646637629813394,0.9038140843183873,0.9973981180725312,0.0,103.0,-0.03865683032307301,c1e84f2,42.0,2026-09-07T15:42:08+00:00
PARSE_0085.nii.gz,GT_minus_drift_pos,0.98468926490244,0.889403198869074,0.9993807429833176,0.0,34.0,0.06895276859153736,c1e84f2,42.0,2026-09-07T15:42:08+00:00
PARSE_0085.nii.gz,GT_minus_omission,0.8577059120768065,0.914713022522283,0.9377456452784718,0.0,19.0,-0.0785109810904774,c1e84f2,42.0,2026-09-07T15:42:08+00:00
